========== 性能指标评价 ==========,,,,,,,,
,,,,,,,,
,Fx,Fy,Fz,Mx,My,Mz,,
重复性R（%FS）,0.00000000,0.00000000,0.00000000,0.00000000,0.00000000,0.00000000,,
迟滞性H（%FS）,0.00000000,0.00000000,0.00000000,0.00000000,0.00000000,0.00000000,,
线性度L（%FS）,6.80018300,11.46112200,0.05312100,1.45215400,1.56129900,0.64794400,,
I类误差,0.00745608,,,,,,,
II类误差,0.00944769,,,,,,,
,,,,,,,,
,,,,,,,,
,,,,,,,,
========== Fx 通道 ==========,,,,,,,,
重复性误差,,,,,,,,
循环类型,Fx设定值,上升沿平均值,上升沿标准差,上升沿数值列表,下降沿平均值,下降沿标准差,下降沿数值列表,|正行程平均值-反行程平均值|
正值循环,0.0,-0.60597553,0.54977881,"[0.00000000, -0.74509754, -1.07282905]",-1.03105937,0.26753381,"[-0.74509754, -1.07282905, -1.27525152]",0.42508384
正值循环,200.0,199.55330254,0.49500601,"[200.12200153, 199.31862240, 199.21928368]",198.92042446,0.24385570,"[199.09187597, 199.02813833, 198.64125909]",0.63287807
正值循环,400.0,399.60846796,0.43423051,"[400.06387052, 399.56246015, 399.19907322]",398.93100998,0.17722661,"[399.01968223, 399.04639922, 398.72694848]",0.67745799
正值循环,600.0,599.57851841,0.34675621,"[599.97384479, 599.43587940, 599.32583105]",598.83021326,0.14186922,"[598.99269506, 598.76704506, 598.73089965]",0.74830516
正值循环,800.0,799.19104105,0.27056011,"[799.47641238, 799.15846976, 798.93824100]",798.87814476,0.14806032,"[799.03152934, 798.86684925, 798.73605570]",0.31289628
正值循环,1000.0,998.58697671,0.24162373,"[998.84282589, 998.55542600, 998.36267823]",998.58697671,0.24162373,"[998.84282589, 998.55542600, 998.36267823]",0.00000000
负值循环,-1000.0,-1001.86093924,0.12934547,"[-1001.98580843, -1001.86946952, -1001.72753977]",-1001.86093924,0.12934547,"[-1001.98580843, -1001.86946952, -1001.72753977]",0.00000000
负值循环,-800.0,-801.03017372,0.15484042,"[-801.19493107, -801.00793502, -800.88765507]",-801.63887839,0.16787610,"[-801.82689538, -801.58573054, -801.50400925]",0.60870467
负值循环,-600.0,-599.92119957,0.16594989,"[-600.11275658, -599.82975676, -599.82108536]",-601.19656971,0.33131191,"[-601.51904907, -601.21357950, -600.85708055]",1.27537014
负值循环,-400.0,-399.70149705,0.20373848,"[-399.93356360, -399.55202417, -399.61890338]",-400.75466453,0.32898997,"[-401.09476512, -400.73118535, -400.43804311]",1.05316748
负值循环,-200.0,-199.53020465,0.24135916,"[-199.80863711, -199.40151297, -199.38046386]",-200.23275511,0.34569370,"[-200.60014696, -200.18423151, -199.91388686]",0.70255046
负值循环,0.0,0.39583753,0.38633483,"[0.00000000, 0.41560163, 0.77191096]",0.65770433,0.20977879,"[0.41560163, 0.77191096, 0.78560041]",0.26186680
正循环标准偏差,0.32281941,,,,,,,
负循环标准偏差,0.24894599,,,,,,,
重复性,0.00064564,,,,,,,
Last记录量,0.00000129,,,,,,,
迟滞性,0.00127537,,,,,,,
,,,,,,,,
线性度数据,,,,,,,,
平均电压值,标准压力值,Y=ax+b,标准压力值-最小二乘法,数值列表
1781.36000000,-1000.0,-1058.27614563,58.27614563,"[1778.83000000, 1784.35000000, 1780.90000000]"
358.16466667,-200.0,-181.31690355,-18.68309645,"[344.89400000, 369.95200000, 344.86900000, 370.53900000, 346.96200000, 371.77200000]"
691.86166667,-400.0,-386.93777747,-13.06222253,"[681.39600000, 701.16500000, 681.47500000, 701.22900000, 683.83600000, 702.06900000]"
1036.04666667,-600.0,-599.02125587,-0.97874413,"[1022.27000000, 1048.01000000, 1021.70000000, 1048.92000000, 1024.59000000, 1050.79000000]"
1408.60000000,-800.0,-828.58502775,28.58502775,"[1395.93000000, 1420.70000000, 1395.62000000, 1420.67000000, 1397.21000000, 1421.47000000]"
-2.09379800,0(正),40.67088880,-40.67088880,"[0.00000000, -4.77122000, -0.11392200, -3.49005000]"
4.54091750,0(负),36.58264108,-36.58264108,"[0.00000000, 2.91197000, 5.04780000, 10.20390000]"
-1448.60666667,1000.0,931.99817133,68.00182867,"[-1445.99000000, -1450.05000000, -1449.78000000]"
-314.23533333,200.0,233.00949323,-33.00949323,"[-303.13500000, -322.04000000, -304.88900000, -324.89400000, -303.97700000, -326.47700000]"
-611.68050000,400.0,416.29233699,-16.29233699,"[-595.99900000, -624.29700000, -600.09100000, -625.13200000, -599.16100000, -625.40300000]"
-898.25550000,600.0,592.87708886,7.12291114,"[-881.15500000, -910.95300000, -885.81700000, -912.24900000, -883.97100000, -915.38800000]"
-1178.10666667,800.0,765.31867946,34.68132054,"[-1160.57000000, -1187.95000000, -1167.00000000, -1192.41000000, -1165.49000000, -1195.22000000]"
总计,0.00000000,,,
SUMPRODUCT,-33004961.00000000,,,
MAX(ABS(差值))/1000,68.00182867,,0.06800183,
a,-0.61619036,,,
b,39.38071066,,,
,,,,,,,,
,,,,,,,,
========== Fy 通道 ==========,,,,,,,,
重复性误差,,,,,,,,
循环类型,Fy设定值,上升沿平均值,上升沿标准差,上升沿数值列表,下降沿平均值,下降沿标准差,下降沿数值列表,|正行程平均值-反行程平均值|
正值循环,0.0,-0.01639234,0.08132433,"[0.00000000, 0.05548717, -0.10466419]",0.01011562,0.10012614,"[0.05548717, -0.10466419, 0.07952387]",0.02650796
正值循环,200.0,199.75570120,0.09316415,"[199.68738778, 199.86182677, 199.71788904]",199.20799575,0.04585286,"[199.15891735, 199.21533123, 199.24973867]",0.54770545
正值循环,400.0,399.32996132,0.06373244,"[399.40298181, 399.30137761, 399.28552454]",398.80325975,0.25144445,"[399.06436884, 398.56274684, 398.78266357]",0.52670157
正值循环,600.0,598.65274578,0.05709942,"[598.64347101, 598.60085151, 598.71391481]",598.26913242,0.06477487,"[598.19942934, 598.28049153, 598.32747638]",0.38361336
正值循环,800.0,798.06854988,0.05802192,"[798.00356485, 798.08692674, 798.11515806]",797.64731767,0.07650627,"[797.56213326, 797.66963869, 797.71018107]",0.42123221
正值循环,1000.0,997.25595200,0.08253818,"[997.18184689, 997.24110199, 997.34490711]",997.25595200,0.08253818,"[997.18184689, 997.24110199, 997.34490711]",0.00000000
负值循环,-1000.0,-1002.99076201,0.19190039,"[-1003.17736045, -1003.00095929, -1002.79396629]",-1002.99076201,0.19190039,"[-1003.17736045, -1003.00095929, -1002.79396629]",0.00000000
负值循环,-800.0,-801.86930804,0.21878161,"[-801.84474095, -802.09933624, -801.66384693]",-802.00801876,0.26629663,"[-802.31541885, -801.84777779, -801.86085964]",0.13871072
负值循环,-600.0,-600.85482644,0.09066084,"[-600.89257375, -600.92051485, -600.75139072]",-601.22226862,0.24156215,"[-601.50120042, -601.08255436, -601.08305109]",0.36744218
负值循环,-400.0,-399.92109830,0.09812936,"[-400.02799550, -399.90019370, -399.83510570]",-400.37703731,0.18688679,"[-400.57257281, -400.35833329, -400.20020582]",0.45593901
负值循环,-200.0,-199.18849560,0.15786591,"[-199.35894626, -199.15923076, -199.04730979]",-199.71970283,0.30730690,"[-200.04860844, -199.67059021, -199.43990985]",0.53120723
负值循环,0.0,0.23512095,0.21763793,"[0.00000000, 0.27583825, 0.42952460]",0.42331223,0.14446801,"[0.27583825, 0.42952460, 0.56457385]",0.18819128
正循环标准偏差,0.10206536,,,,,,,
负循环标准偏差,0.20231060,,,,,,,
重复性,0.00040462,,,,,,,
Last记录量,0.00000081,,,,,,,
迟滞性,0.00054771,,,,,,,
,,,,,,,,
线性度数据,,,,,,,,
平均电压值,标准压力值,Y=ax+b,标准压力值-最小二乘法,数值列表
1882.18000000,-1000.0,-1097.34451842,97.34451842,"[1879.61000000, 1884.13000000, 1882.80000000]"
358.55483333,-200.0,-140.21730107,-59.78269893,"[345.33000000, 373.63700000, 345.36600000, 369.14800000, 347.30700000, 370.54100000]"
727.17933333,-400.0,-371.78379764,-28.21620236,"[708.19000000, 747.16800000, 709.51000000, 743.26100000, 708.53500000, 746.41200000]"
1111.64666667,-600.0,-613.30261537,13.30261537,"[1091.17000000, 1124.66000000, 1090.06000000, 1122.83000000, 1115.94000000, 1125.22000000]"
1489.93166667,-800.0,-850.93774856,50.93774856,"[1474.17000000, 1499.34000000, 1477.63000000, 1501.94000000, 1480.20000000, 1506.31000000]"
0.39591275,0(正),84.77481545,-84.77481545,"[0.00000000, 2.08904000, 0.52045100, -1.02584000]"
6.43921500,0(负),80.97846895,-80.97846895,"[0.00000000, 6.58142000, 7.43744000, 11.73800000]"
-1274.08000000,1000.0,885.38877920,114.61122080,"[-1274.23000000, -1272.88000000, -1275.13000000]"
-262.31333333,200.0,249.80633053,-49.80633053,"[-252.61800000, -273.76700000, -251.56700000, -269.74500000, -253.06400000, -273.11900000]"
-522.43516667,400.0,413.21245690,-13.21245690,"[-509.27400000, -536.13200000, -508.30500000, -533.44300000, -510.53500000, -536.92200000]"
-779.45016667,600.0,574.66689933,25.33310067,"[-765.05400000, -793.92800000, -764.89000000, -791.78100000, -765.94800000, -795.10000000]"
-1033.13833333,800.0,734.03145589,65.96854411,"[-1019.84000000, -1046.74000000, -1018.64000000, -1044.32000000, -1022.06000000, -1047.23000000]"
总计,0.00000000,,,
SUMPRODUCT,-32131581.20000000,,,
MAX(ABS(差值))/1000,114.61122080,,0.11461122,
a,-0.62819074,,,
b,85.02352417,,,
,,,,,,,,
,,,,,,,,
========== Fz 通道 ==========,,,,,,,,
重复性误差,,,,,,,,
循环类型,Fz设定值,上升沿平均值,上升沿标准差,上升沿数值列表,下降沿平均值,下降沿标准差,下降沿数值列表,|正行程平均值-反行程平均值|
正值循环,0.0,-0.11485765,0.11273456,"[0.00000000, -0.11923112, -0.22534184]",-0.20692419,0.08008861,"[-0.11923112, -0.22534184, -0.27619962]",0.09206654
正值循环,300.0,299.91837640,0.29282951,"[300.25531117, 299.77451269, 299.72530534]",299.86603106,0.10815313,"[299.97691406, 299.86034717, 299.76083194]",0.05234534
正值循环,600.0,600.19467081,0.06907829,"[600.26605772, 600.18979524, 600.12815947]",600.08329469,0.07779186,"[600.15664208, 600.09152862, 600.00171338]",0.11137612
正值循环,900.0,900.31650113,0.11812303,"[900.43217270, 900.32126020, 900.19607049]",900.17828379,0.02101720,"[900.20251216, 900.16737888, 900.16496034]",0.13821734
正值循环,1200.0,1200.03260362,0.07925705,"[1200.09748652, 1200.05605793, 1199.94426640]",1200.08034486,0.08375815,"[1200.17491771, 1200.05059154, 1200.01552533]",0.04774124
正值循环,1500.0,1499.25349350,0.19463322,"[1499.47374237, 1499.18209778, 1499.10464034]",1499.25349350,0.19463322,"[1499.47374237, 1499.18209778, 1499.10464034]",0.00000000
正循环标准偏差,0.13869899,,,,,,,
负循环标准偏差,0.00000000,,,,,,,
重复性,0.00018493,,,,,,,
Last记录量,0.00000025,,,,,,,
迟滞性,0.00009214,,,,,,,
,,,,,,,,
线性度数据,,,,,,,,
平均电压值,标准压力值,Y=ax+b,标准压力值-最小二乘法,数值列表
0.22629875,0(正),-0.37214030,0.37214030,"[0.00000000, 0.16837300, 0.31602500, 0.42079700]"
-1247.13666667,1200.0,1200.12535791,-0.12535791,"[-1247.18000000, -1247.28000000, -1247.13000000, -1247.13000000, -1247.01000000, -1247.09000000]"
-1557.89000000,1500.0,1499.20318014,0.79681986,"[-1558.11000000, -1557.81000000, -1557.75000000]"
-311.78716667,300.0,299.91846879,0.08153121,"[-312.21800000, -311.89700000, -311.66800000, -311.73300000, -311.59300000, -311.61400000]"
-623.83100000,600.0,600.23830482,-0.23830482,"[-624.05900000, -623.85900000, -623.88600000, -623.74800000, -623.79300000, -623.64100000]"
-935.67350000,900.0,900.36437195,-0.36437195,"[-935.90700000, -935.65500000, -935.73500000, -935.58100000, -935.59600000, -935.56700000]"
总计,22500.00000000,,,
SUMPRODUCT,-23849534.40000000,,,
MAX(ABS(差值))/1500,0.79681986,,0.00053121,
a,-0.96242836,,,
b,-0.15434397,,,
,,,,,,,,
,,,,,,,,
========== Mx 通道 ==========,,,,,,,,
重复性误差,,,,,,,,
循环类型,Mx设定值,上升沿平均值,上升沿标准差,上升沿数值列表,下降沿平均值,下降沿标准差,下降沿数值列表,|正行程平均值-反行程平均值|
正值循环,0.0,0.08111579,0.07183695,"[0.00000000, 0.10664973, 0.13669764]",0.12822187,0.01882433,"[0.10664973, 0.13669764, 0.14131825]",0.04710608
正值循环,4.9,4.55708472,0.05015169,"[4.50744023, 4.55608526, 4.60772868]",5.53188911,0.03799369,"[5.48814313, 5.55089210, 5.55663211]",0.97480439
正值循环,9.8,9.30041318,0.09812134,"[9.19194707, 9.32628916, 9.38300331]",10.22422680,0.04277843,"[10.17648516, 10.25907694, 10.23711831]",0.92381362
正值循环,14.7,14.14978550,0.07344073,"[14.07345085, 14.15596365, 14.21994199]",14.87392251,0.04854852,"[14.82085122, 14.91609585, 14.88482046]",0.72413701
正值循环,19.6,18.92879291,0.08910684,"[18.82709042, 18.96613555, 18.99315275]",19.42879540,0.07267560,"[19.34601666, 19.45824727, 19.48212226]",0.50000249
正值循环,24.5,23.67196113,0.11025037,"[23.54490450, 23.72858988, 23.74238902]",23.67196113,0.11025037,"[23.54490450, 23.72858988, 23.74238902]",0.00000000
负值循环,-24.5,-24.23545851,0.06070424,"[-24.16901128, -24.24935394, -24.28801032]",-24.23545851,0.06070424,"[-24.16901128, -24.24935394, -24.28801032]",0.00000000
负值循环,-19.6,-20.24985212,0.07957161,"[-20.16016336, -20.27741684, -20.31197615]",-19.49693189,0.10373236,"[-19.39554461, -19.49239087, -19.60286018]",0.75292023
负值循环,-14.7,-15.88378496,0.04663399,"[-15.83656934, -15.88497084, -15.92981471]",-14.61196398,0.09864589,"[-14.51349152, -14.61161802, -14.71078239]",1.27182099
负值循环,-9.8,-11.47293809,0.05222788,"[-11.41568486, -11.48515427, -11.51797513]",-9.65541801,0.08006506,"[-9.56642174, -9.67823296, -9.72159934]",1.81752007
负值循环,-4.9,-6.32754939,0.03126718,"[-6.36353233, -6.30699706, -6.31211879]",-4.76452631,0.07658734,"[-4.68024401, -4.78347284, -4.82986209]",1.56302308
负值循环,0.0,-0.10051560,0.08707213,"[0.00000000, -0.14876925, -0.15277754]",-0.15568318,0.00873696,"[-0.14876925, -0.15277754, -0.16550274]",0.05516758
正循环标准偏差,0.07428210,,,,,,,
负循环标准偏差,0.07071487,,,,,,,
重复性,0.00297128,,,,,,,
Last记录量,0.00011885,,,,,,,
迟滞性,0.03635040,,,,,,,
,,,,,,,,
线性度数据,,,,,,,,
平均电压值,标准压力值,Y=ax+b,标准压力值-最小二乘法,数值列表
-1293.75500000,-14.7,-14.96239374,0.26239374,"[-1229.26000000, -1345.37000000, -1237.81000000, -1349.72000000, -1246.53000000, -1353.84000000]"
-1684.26833333,-19.6,-19.60364373,0.00364373,"[-1642.41000000, -1709.20000000, -1650.95000000, -1719.59000000, -1660.61000000, -1722.85000000]"
-2051.96000000,-24.5,-23.97365826,-0.52634174,"[-2045.99000000, -2053.13000000, -2056.76000000]"
-472.60733333,-4.9,-5.20305579,0.30305579,"[-396.57600000, -544.56200000, -405.39500000, -539.67200000, -409.36400000, -540.07500000]"
-898.05233333,-9.8,-10.25946855,0.45946855,"[-810.35900000, -972.88900000, -820.02600000, -979.13200000, -823.81400000, -982.09400000]"
7.97680250,0(正),0.50868545,-0.50868545,"[0.00000000, 8.89941000, 11.29880000, 11.70900000]"
-9.89122500,0(负),0.29632399,-0.29632399,"[0.00000000, -12.57670000, -12.93340000, -14.05480000]"
1206.61500000,14.7,14.75449742,-0.05449742,"[1168.74000000, 1233.42000000, 1175.76000000, 1241.69000000, 1181.21000000, 1238.87000000]"
1593.52000000,19.6,19.35286237,0.24713763,"[1563.24000000, 1607.93000000, 1575.25000000, 1617.72000000, 1577.39000000, 1619.59000000]"
1965.50666667,24.5,23.77392296,0.72607704,"[1954.56000000, 1970.46000000, 1971.50000000]"
420.74633333,4.9,5.41445029,-0.51445029,"[374.12300000, 459.63300000, 378.02000000, 464.95800000, 382.35800000, 465.38600000]"
812.45833333,9.8,10.06994642,-0.26994642,"[763.13900000, 848.54100000, 774.49000000, 855.64400000, 779.24400000, 853.69200000]"
总计,-0.00000000,,,
SUMPRODUCT,1028126.96700000,,,
MAX(ABS(差值))/50,0.72607704,,0.01452154,
a,0.01188500,,,
b,0.41388118,,,
,,,,,,,,
,,,,,,,,
========== My 通道 ==========,,,,,,,,
重复性误差,,,,,,,,
循环类型,My设定值,上升沿平均值,上升沿标准差,上升沿数值列表,下降沿平均值,下降沿标准差,下降沿数值列表,|正行程平均值-反行程平均值|
正值循环,0.0,0.06574130,0.05849456,"[0.00000000, 0.08518905, 0.11203485]",0.08870368,0.02178751,"[0.08518905, 0.11203485, 0.06888715]",0.02296238
正值循环,4.9,4.89859624,0.07735499,"[4.81094355, 4.92753803, 4.95730713]",5.55537211,0.07262578,"[5.47783081, 5.56648388, 5.62180165]",0.65677588
正值循环,9.8,9.77200718,0.09087135,"[9.67456050, 9.78703021, 9.85443083]",10.50025506,0.07343401,"[10.41711676, 10.52738221, 10.55626620]",0.72824788
正值循环,14.7,14.55772718,0.07854330,"[14.46792770, 14.59162285, 14.61363099]",15.22482417,0.07540668,"[15.14216011, 15.24246743, 15.28984497]",0.66709699
正值循环,19.6,19.18956145,0.07915408,"[19.10111850, 19.21381417, 19.25375168]",19.68339688,0.07559616,"[19.59787215, 19.71102915, 19.74128933]",0.49383543
正值循环,24.5,23.69807075,0.07031969,"[23.62257984, 23.70991832, 23.76171409]",23.69807075,0.07031969,"[23.62257984, 23.70991832, 23.76171409]",0.00000000
负值循环,-24.5,-24.32286882,0.07611389,"[-24.40580779, -24.30658207, -24.25621661]",-24.32286882,0.07611389,"[-24.40580779, -24.30658207, -24.25621661]",0.00000000
负值循环,-19.6,-19.85383766,0.13943309,"[-19.69302901, -19.94109897, -19.92738501]",-19.43393179,0.05478265,"[-19.49534342, -19.41636363, -19.39008832]",0.41990587
负值循环,-14.7,-15.23059007,0.07282182,"[-15.14651029, -15.27360984, -15.27165007]",-14.53042980,0.04812513,"[-14.58546439, -14.50957762, -14.49624739]",0.70016027
负值循环,-9.8,-10.47965799,0.04205898,"[-10.43153992, -10.49802085, -10.50941320]",-9.63555900,0.03676489,"[-9.67004477, -9.63975686, -9.59687536]",0.84409899
负值循环,-4.9,-5.64292894,0.08625626,"[-5.55162365, -5.72304390, -5.65411927]",-4.74982164,0.02421855,"[-4.72336854, -4.75519243, -4.77090396]",0.89310730
负值循环,0.0,-0.14121667,0.12367915,"[0.00000000, -0.19338801, -0.23026199]",-0.22270217,0.02636022,"[-0.19338801, -0.23026199, -0.24445651]",0.08148550
正循环标准偏差,0.07218601,,,,,,,
负循环标准偏差,0.07571168,,,,,,,
重复性,0.00302847,,,,,,,
Last记录量,0.00012114,,,,,,,
迟滞性,0.01786215,,,,,,,
,,,,,,,,
线性度数据,,,,,,,,
平均电压值,标准压力值,Y=ax+b,标准压力值-最小二乘法,数值列表
-1224.84166667,-14.7,-14.82389472,0.12389472,"[-1199.91000000, -1248.06000000, -1192.97000000, -1258.40000000, -1191.67000000, -1258.04000000]"
-1615.37166667,-19.6,-19.55454099,-0.04545901,"[-1602.97000000, -1620.16000000, -1595.73000000, -1640.68000000, -1593.33000000, -1639.36000000]"
-1998.71333333,-24.5,-24.19811211,-0.30188789,"[-2006.15000000, -1997.20000000, -1992.79000000]"
-429.07183333,-4.9,-5.18441607,0.28441607,"[-388.85500000, -459.84700000, -391.28100000, -473.93800000, -392.47300000, -468.03700000]"
-828.71116667,-9.8,-10.02540735,0.22540735,"[-796.12900000, -861.10000000, -792.79400000, -866.15200000, -789.03000000, -867.06200000]"
5.57465500,0(正),0.08063089,-0.08063089,"[0.00000000, 7.12773000, 9.36312000, 5.80777000]"
-13.93775000,0(负),-0.15573068,0.15573068,"[0.00000000, -16.12800000, -19.26690000, -20.35610000]"
1232.47333333,14.7,14.94254589,-0.24254589,"[1196.14000000, 1253.80000000, 1206.93000000, 1262.49000000, 1208.84000000, 1266.64000000]"
1606.80333333,19.6,19.47695507,0.12304493,"[1578.18000000, 1620.45000000, 1587.88000000, 1630.22000000, 1591.27000000, 1632.82000000]"
1957.02666667,24.5,23.71935055,0.78064945,"[1950.54000000, 1958.07000000, 1962.47000000]"
433.93233333,4.9,5.26949898,-0.36949898,"[398.13400000, 455.56200000, 408.04400000, 463.24800000, 410.60600000, 468.00000000]"
840.02866667,9.8,10.18870649,-0.38870649,"[800.44300000, 864.13500000, 810.10200000, 873.53500000, 815.88600000, 876.07100000]"
总计,-0.00000000,,,
SUMPRODUCT,1009904.07770000,,,
MAX(ABS(差值))/50,0.78064945,,0.01561299,
a,0.01211340,,,
b,0.01310287,,,
,,,,,,,,
,,,,,,,,
========== Mz 通道 ==========,,,,,,,,
重复性误差,,,,,,,,
循环类型,Mz设定值,上升沿平均值,上升沿标准差,上升沿数值列表,下降沿平均值,下降沿标准差,下降沿数值列表,|正行程平均值-反行程平均值|
正值循环,0.0,0.09452643,0.08815333,"[0.00000000, 0.10908527, 0.17449401]",0.16760061,0.05539128,"[0.10908527, 0.17449401, 0.21922254]",0.07307418
正值循环,9.8,10.09638954,0.07512715,"[10.02404252, 10.09110803, 10.17401808]",9.75763451,0.11494339,"[9.62924710, 9.79268226, 9.85097417]",0.33875503
正值循环,19.6,20.09841427,0.07116356,"[20.02045860, 20.11488793, 20.15989628]",19.40148533,0.10641764,"[19.28877985, 19.41543738, 19.50023877]",0.69692894
正值循环,29.4,29.62443485,0.09820591,"[29.51779393, 29.64436089, 29.71114973]",29.18303028,0.11223041,"[29.06195565, 29.20355055, 29.28358465]",0.44140457
正值循环,39.2,39.16863564,0.09353124,"[39.06477458, 39.19491948, 39.24621287]",39.01468109,0.11632898,"[38.88818045, 39.03880822, 39.11705459]",0.15395456
正值循环,49.0,48.82960533,0.12253790,"[48.69585754, 48.85648943, 48.93646901]",48.82960533,0.12253790,"[48.69585754, 48.85648943, 48.93646901]",0.00000000
负值循环,-49.0,-49.16751110,0.05847080,"[-49.20617346, -49.19611477, -49.10024506]",-49.16751110,0.05847080,"[-49.20617346, -49.19611477, -49.10024506]",0.00000000
负值循环,-39.2,-39.30104001,0.06346447,"[-39.35824662, -39.31210146, -39.23277196]",-39.30761647,0.04863904,"[-39.34049086, -39.33061545, -39.25174310]",0.00657646
负值循环,-29.4,-29.31582175,0.05520656,"[-29.36667741, -29.32368115, -29.25710668]",-29.47845634,0.05519682,"[-29.53807432, -29.46816559, -29.42912911]",0.16263459
负值循环,-19.6,-19.34130484,0.05956671,"[-19.39649879, -19.34925240, -19.27816333]",-19.67673904,0.08288724,"[-19.75428070, -19.68655590, -19.58938053]",0.33543420
负值循环,-9.8,-9.43889245,0.05070259,"[-9.48120899, -9.45277324, -9.38269512]",-9.71249186,0.08458998,"[-9.79405326, -9.71825436, -9.62516797]",0.27359941
负值循环,0.0,0.09880822,0.09766609,"[0.00000000, 0.10113402, 0.19529063]",0.18841090,0.08404846,"[0.10113402, 0.19529063, 0.26880806]",0.08960269
正循环标准偏差,0.10026461,,,,,,,
负循环标准偏差,0.06835760,,,,,,,
重复性,0.00401058,,,,,,,
Last记录量,0.00016042,,,,,,,
迟滞性,0.01393858,,,,,,,
,,,,,,,,
线性度数据,,,,,,,,
平均电压值,标准压力值,Y=ax+b,标准压力值-最小二乘法,数值列表
672.98900000,-19.6,-19.52842023,-0.07157977,"[681.43500000, 669.19900000, 679.05700000, 667.50500000, 675.69100000, 665.04700000]"
1014.08666667,-29.4,-29.45763764,0.05763764,"[1018.98000000, 1013.10000000, 1016.49000000, 1011.56000000, 1015.14000000, 1009.25000000]"
1355.83000000,-39.2,-39.40565016,0.20565016,"[1357.12000000, 1357.75000000, 1356.72000000, 1356.08000000, 1353.98000000, 1353.33000000]"
1696.07666667,-49.0,-49.31009530,0.31009530,"[1697.46000000, 1697.04000000, 1693.73000000]"
330.34900000,-9.8,-9.55430611,-0.24569389,"[337.85200000, 327.18000000, 335.21800000, 326.13200000, 331.99800000, 323.71400000]"
-4.36475250,0(正),0.18907810,-0.18907810,"[0.00000000, -3.78027000, -6.05441000, -7.62433000]"
-4.87067750,0(负),0.20380538,-0.20380538,"[0.00000000, -3.48767000, -6.73038000, -9.26466000]"
-675.60266667,19.6,19.72854682,-0.12854682,"[-684.81100000, -659.78800000, -688.09800000, -664.16200000, -689.66200000, -667.09500000]"
-1005.78050000,29.4,29.33989223,0.06010777,"[-1009.64000000, -994.05600000, -1014.01000000, -998.93700000, -1016.33000000, -1001.71000000]"
-1337.07000000,39.2,38.98359781,0.21640219,"[-1336.11000000, -1330.07000000, -1340.60000000, -1335.27000000, -1342.39000000, -1337.98000000]"
-1670.03333333,49.0,48.67602801,0.32397199,"[-1665.42000000, -1670.96000000, -1673.72000000]"
-339.64966667,9.8,9.94908860,-0.14908860,"[-342.92400000, -329.42200000, -345.26600000, -335.06300000, -348.13500000, -337.08800000]"
总计,-0.00000000,,,
SUMPRODUCT,-1682483.11980000,,,
MAX(ABS(差值))/50,0.32397199,,0.00647944,
a,-0.02910960,,,
b,0.06202190,,,
,,,,,,,,
,,,,,,,,
,,,,,,,,
,,,,,,,,
========== 第一矩阵 (解耦矩阵) ==========,,,,,,,,
,UFx,UFy,UFz,UMx,UMy,UMz,,
Fx,-1.61789025,-0.03992898,0.04485908,2.69434875,-81.83221729,2.55236575,,
Fy,0.01287160,-1.60276942,0.08431096,81.52002761,1.18925179,0.20643477,,
Fz,-0.02979315,-0.00531115,-1.03936788,-2.74945754,0.81433085,-0.03879530,,
Mx,-0.00463835,-0.74052278,0.08947518,83.96231693,0.67783677,0.38803289,,
My,0.74426591,0.00203085,-0.03182461,-1.10847937,82.47413886,-2.63717437,,
Mz,-0.02162008,-0.01818879,-0.03228765,0.16223478,-0.99606113,-34.35013025,,
,,,,,,,,
,,,,,,,,
========== 第二矩阵 ==========,,,,,,,,
,UFx,UFy,UFz,UMx,UMy,UMz,,
Fx,-1.13642099,0.03105773,-0.01284087,-0.00900071,-1.12779587,0.00224306,,
Fy,-0.01635876,-1.13128833,0.00223761,1.09885227,-0.00891057,0.00508039,,
Fz,0.04158748,0.03106619,-0.96473102,-0.06241666,0.05085142,-0.00024271,,
Mx,-0.00033615,-0.01000850,0.00104454,0.02166715,-0.00037534,0.00018727,,
My,0.01027958,-0.00035853,-0.00021283,0.00030773,0.02231787,-0.00094804,,
Mz,0.00038517,0.00051341,0.00092481,-0.00042411,0.00001783,-0.02908747,,
,,,,,,,,
,,,,,,,,
========== 第三矩阵 ==========,,,,,,,,
,UFx,UFy,UFz,UMx,UMy,UMz,,
Fx,-1.13648156,0.03099843,-0.01284367,-0.00887439,-1.12797572,0.00224437,,
Fy,-0.01641326,-1.13150308,0.00224776,1.09939780,-0.00901549,0.00509703,,
Fz,0.04163297,0.03161488,-0.96470881,-0.06363596,0.05095458,-0.00021708,,
Mx,-0.00033989,-0.00979419,0.00104773,0.02118345,-0.00038507,0.00019826,,
My,0.01022487,-0.00034840,-0.00021445,0.00029103,0.02219094,-0.00093777,,
Mz,0.00037815,0.00053431,0.00092531,-0.00046843,0.00000314,-0.02908107,,
,,,,,,,,
,,,,,,,,
"========== 解耦后数据 (Fx', Fy', Fz', Mx', My', Mz') ==========",,,,,,,,
Fx',Fy',Fz',Mx',My',Mz',,,
0.00000000,0.00000000,0.00000000,0.00000000,0.00000000,0.00000000,,,
200.12200153,0.48943326,-0.01829180,-0.02065377,-0.24954623,0.11578436,,,
400.06387052,0.71295815,0.72810224,0.00002957,-0.62206554,0.13758119,,,
599.97384479,0.53998563,1.94330278,0.03416063,-1.09021871,0.06431764,,,
799.47641238,0.63970981,3.15549875,0.05734538,-1.61855829,0.06831198,,,
998.84282589,-2.34864560,4.41405008,0.12006081,-2.09209684,-0.70057886,,,
799.03152934,-2.74024308,1.97023793,0.09252660,-1.29424479,-0.61225585,,,
598.99269506,-3.30807536,0.83262168,0.08505862,-0.72573247,-0.64076841,,,
399.01968223,-3.75949874,-0.24630037,0.06246541,-0.27615208,-0.63958432,,,
199.09187597,-4.17587243,-0.68999665,0.01021405,-0.01776717,-0.60666422,,,
-0.74509754,-2.11065759,-0.59114317,-0.01500133,0.07316105,-0.00278733,,,
199.31862240,-1.14035576,-0.82449067,-0.04971285,-0.21254676,0.12493440,,,
399.56246015,-1.11949487,0.14135808,-0.01617860,-0.56373275,0.08551101,,,
599.43587940,-0.95637198,1.32710389,0.00933892,-1.02283608,0.07077174,,,
799.15846976,-0.63116785,2.45176207,0.03404669,-1.53377850,0.08277731,,,
998.55542600,-1.91560351,3.40505631,0.07495558,-2.02603417,-0.28325802,,,
798.86684925,-2.15910368,1.21453327,0.05850842,-1.22629113,-0.22707375,,,
598.76704506,-2.60851822,-0.22041622,0.03658699,-0.69618143,-0.26350242,,,
399.04639922,-3.07394887,-1.27100725,0.00787062,-0.25798989,-0.28112657,,,
199.02813833,-3.40937181,-1.62615303,-0.00449566,0.02827281,-0.24516930,,,
-1.07282905,-2.72563736,-1.22941737,-0.04246121,0.02212478,0.00846353,,,
199.21928368,-1.95939709,-1.25289697,-0.06053451,-0.22188878,0.12590403,,,
399.19907322,-1.83577076,-0.26045722,-0.02346788,-0.56799615,0.08639667,,,
599.32583105,-1.50687279,0.49418505,-0.01432510,-1.04374564,0.08488445,,,
798.93824100,-1.16862805,1.74746581,0.01583341,-1.54802860,0.10110668,,,
998.36267823,-1.20349011,2.66065709,0.04168913,-2.01866828,-0.00415178,,,
798.73605570,-1.57545675,0.76059228,0.05890540,-1.18159396,0.03881962,,,
598.73089965,-2.14794134,-0.53597455,0.02903995,-0.64971028,-0.00560906,,,
398.72694848,-2.51008494,-1.90072019,-0.01279428,-0.24192379,-0.03299222,,,
198.64125909,-2.80638677,-2.17464697,-0.01740652,0.06155608,-0.01080514,,,
-1.27525152,-3.20352165,-1.68989110,-0.01995104,0.06801989,0.00572016,,,
0.00000000,0.00000000,0.00000000,0.00000000,0.00000000,0.00000000,,,
-200.60014696,-0.35271865,0.93701004,0.03393144,-0.24771780,-0.02893703,,,
-401.09476512,-1.14607963,0.55525396,0.05392996,-0.39781884,-0.11819696,,,
-601.51904907,-1.50546794,0.31358047,0.05904899,-0.60155769,-0.14961765,,,
-801.82689538,-1.69187337,1.71109251,0.06703138,-1.20611230,-0.14170188,,,
-1001.98580843,-2.16651627,3.25684112,0.06298304,-1.92853816,-0.19273228,,,
-801.19493107,-1.88749641,2.07118326,0.02336066,-1.52403708,-0.19276847,,,
-600.11275658,-1.65994018,0.84213269,0.02145546,-0.94611251,-0.19234126,,,
-399.93356360,-1.15737848,0.81803248,0.01704557,-0.66466832,-0.15817846,,,
-199.80863711,-0.30657128,1.44651091,0.00013163,-0.57060361,-0.03435570,,,
0.41560163,-0.01329038,-0.21343134,-0.00931820,-0.04403599,0.00585923,,,
-200.18423151,-0.42523730,0.73725484,0.04068869,-0.25523672,-0.02091516,,,
-400.73118535,-1.05694946,0.41145486,0.05801836,-0.40529911,-0.09700126,,,
-601.21357950,-1.60388959,-0.01935996,0.04762003,-0.60130300,-0.15476675,,,
-801.58573054,-1.83999355,1.26471307,0.05728913,-1.20772383,-0.14614387,,,
-1001.86946952,-2.08576053,2.99308425,0.05476565,-1.99789859,-0.16550135,,,
-801.00793502,-1.92059427,1.91675194,0.02444437,-1.52670866,-0.17059149,,,
-599.82975676,-1.71760126,0.35020264,0.00720694,-0.96317507,-0.18068490,,,
-399.55202417,-1.23710100,0.35495371,0.00829632,-0.67295716,-0.14087752,,,
-199.40151297,-0.40623096,1.00979364,0.00328563,-0.58563108,-0.02531931,,,
0.77191096,-0.10886988,-0.47508715,0.00955712,-0.07649440,0.01103887,,,
-199.91388686,-0.56425101,0.44833259,0.05023021,-0.28605579,-0.02479527,,,
-400.43804311,-1.25603136,0.15583419,0.05095276,-0.44046581,-0.10481437,,,
-600.85708055,-1.71843805,-0.23718492,0.04544227,-0.64364827,-0.14981672,,,
-801.50400925,-1.96506232,0.93330053,0.04453152,-1.22934021,-0.14710543,,,
-1001.72753977,-2.26952479,2.62992310,0.04881024,-1.95843737,-0.15224878,,,
-800.88765507,-1.98893217,1.53595926,0.01146530,-1.53909246,-0.15863034,,,
-599.82108536,-1.60479486,0.27968049,0.01165093,-0.98540777,-0.15703132,,,
-399.61890338,-1.27692560,0.15512599,0.01829358,-0.68137226,-0.13162789,,,
-199.38046386,-0.48411521,0.71850888,0.02113296,-0.60044202,-0.01869271,,,
0.78560041,-0.19086991,-0.75721658,0.01460447,-0.13973217,0.01070348,,,
0.00000000,0.00000000,0.00000000,0.00000000,0.00000000,0.00000000,,,
0.12546555,199.68738778,1.71157135,0.82459556,0.05908074,-0.01160310,,,
-0.56573452,399.40298181,3.98113670,1.60014633,0.06377018,0.13903620,,,
-1.10660974,598.64347101,6.60905084,2.37691949,0.05905034,0.26016882,,,
-1.27384893,798.00356485,9.03797001,3.16864810,0.04866170,0.30980665,,,
-1.18471115,997.18184689,11.25820102,3.96202880,0.03494341,0.30215172,,,
-0.47114484,797.56213326,8.38537472,2.83102694,0.04240180,0.15240132,,,
-0.26967087,598.19942934,5.96716165,2.01486064,0.06475572,0.09504239,,,
0.09614148,399.06436884,3.57899890,1.26455432,0.07021507,0.01537201,,,
0.61484143,199.15891735,1.49209794,0.55540925,0.04254207,-0.10881267,,,
0.11427705,0.05548717,-0.27438601,0.02672934,0.01710982,0.00150759,,,
0.16393853,199.86182677,1.87949715,0.84052167,0.07083772,0.00609281,,,
-0.50470045,399.30137761,3.94423490,1.60957675,0.09143887,0.17199649,,,
-1.10918498,598.60085151,6.66233948,2.37767258,0.08001887,0.28391681,,,
-1.47407976,798.08692674,8.94623391,3.18460463,0.07295250,0.37886805,,,
-1.68194884,997.24110199,11.29260104,3.97915727,0.05464897,0.44129567,,,
-0.93547425,797.66963869,8.31736696,2.86205953,0.08193311,0.28429131,,,
-0.72296191,598.28049153,5.92090617,2.04225180,0.08899622,0.21567128,,,
-0.36404613,398.56274684,3.54695270,1.28721130,0.08866487,0.13503259,,,
0.11572871,199.21533123,1.42574835,0.60530036,0.06809736,0.02159261,,,
0.15207011,-0.10466419,-0.32045170,0.00406205,0.03857904,0.00358579,,,
0.09354466,199.71788904,1.58807435,0.81933662,0.08822291,0.02598984,,,
-0.59753766,399.28552454,3.80272659,1.58185899,0.10474290,0.17900712,,,
-1.12744709,598.71391481,6.36923071,2.36682022,0.10357132,0.30734851,,,
-1.47379391,798.11515806,8.97712897,3.14290028,0.08857293,0.39729180,,,
-1.85401233,997.34490711,11.12290331,3.95334606,0.07723320,0.49055977,,,
-1.14794567,797.71018107,8.34178712,2.82703699,0.08365161,0.32619724,,,
-0.94141218,598.32747638,5.84574489,2.00240128,0.09284835,0.26163597,,,
-0.50922528,398.78266357,3.60303709,1.24875837,0.08686901,0.17104929,,,
-0.05404620,199.24973867,1.41473774,0.56453379,0.06601999,0.07014921,,,
0.24321409,0.07952387,-0.46303008,-0.01116648,0.03990316,0.00175946,,,
0.00000000,0.00000000,0.00000000,0.00000000,0.00000000,0.00000000,,,
0.14046755,-200.04860844,1.15221983,0.30183029,0.00267480,-0.04427067,,,
-0.00139003,-400.57257281,2.65446834,0.80920109,-0.01708837,-0.02434235,,,
-1.15186507,-601.50120042,4.66222085,1.55437982,-0.02457518,0.19454556,,,
-1.84158511,-802.31541885,6.43003888,2.30278870,-0.05962287,0.35106459,,,
-2.97240486,-1003.17736045,9.40238873,3.32436427,-0.10549762,0.56549096,,,
-2.06064502,-801.84474095,6.81723693,2.61969887,-0.01437604,0.38122921,,,
-1.59749261,-600.89257375,5.04363293,1.97595380,0.01895688,0.29420739,,,
-1.09760058,-400.02799550,3.20077893,1.29629268,0.03490368,0.21461996,,,
-0.75421171,-199.35894626,1.23203150,0.66208948,0.01265027,0.13473765,,,
0.13097197,0.27583825,-0.21175231,0.08648937,-0.00930509,0.00069061,,,
0.26568550,-199.67059021,1.01736763,0.30984058,0.00101713,-0.04133672,,,
0.20501671,-400.35833329,2.27015629,0.82950476,0.01444359,-0.02208456,,,
-0.90475526,-601.08255436,4.38113467,1.54890752,0.00246901,0.17250817,,,
-1.61012272,-801.84777779,6.17116206,2.35407593,-0.01287389,0.31151435,,,
-2.66936692,-1003.00095929,9.10011327,3.38279032,-0.04645807,0.52290388,,,
-1.77293081,-802.09933624,6.65317542,2.64641368,0.01463993,0.33168558,,,
-1.39316945,-600.92051485,4.64464892,1.95330401,0.03004631,0.24309954,,,
-0.75413164,-399.90019370,2.87738069,1.25150011,0.02439834,0.14034262,,,
-0.38171820,-199.15923076,1.05002670,0.61155618,-0.00973936,0.07540212,,,
0.09045292,0.42952460,-0.21604202,0.10070545,-0.05601730,0.00012900,,,
0.19178748,-199.43990985,0.89827187,0.33842241,-0.01110984,-0.01154168,,,
0.29373658,-400.20020582,2.23802187,0.82074419,0.00873109,-0.01740970,,,
-1.10891339,-601.08305109,4.52702270,1.86545111,0.04681557,0.23136661,,,
-1.54507125,-801.86085964,6.15838377,2.38505674,0.00512979,0.32268221,,,
-2.57504855,-1002.79396629,8.92498927,3.37077186,-0.05145108,0.52772729,,,
-1.61627735,-801.66384693,6.40773301,2.70822164,0.05363406,0.33994883,,,
-1.32883691,-600.75139072,4.59010597,1.98574024,0.04467751,0.25876797,,,
-0.75012189,-399.83510570,2.70683938,1.29165756,0.01973635,0.14787954,,,
-0.46120222,-199.04730979,0.94457905,0.63111691,-0.02045562,0.07758217,,,
0.08451950,0.56457385,-0.27232935,0.15636360,-0.06917338,0.00122758,,,
0.00000000,0.00000000,0.00000000,0.00000000,0.00000000,0.00000000,,,
-0.20290517,0.01526028,300.25531117,0.03973410,-0.04864566,-0.01605783,,,
-0.30630260,0.19639940,600.26605772,0.03957872,-0.07651388,-0.03363295,,,
-0.48151571,0.42139389,900.43217270,-0.00776904,-0.07595383,-0.04282656,,,
-0.69351174,0.72923497,1200.09748652,-0.07788527,-0.08595392,-0.04753452,,,
-0.80149406,1.11803577,1499.47374237,-0.15515143,-0.06341273,-0.05052957,,,
-1.17127092,0.26859361,1200.17491771,-0.05823415,-0.06338602,-0.03338852,,,
-1.30722341,-0.17089714,900.20251216,0.00145092,-0.06148832,-0.02019994,,,
-1.09896365,-0.36902610,600.15664208,0.02466201,-0.05244742,-0.00906935,,,
-0.76333976,-0.49067604,299.97691406,0.04476980,-0.01578318,0.00087054,,,
0.06074042,-0.09686169,-0.11923112,-0.01000009,0.02282065,0.00863936,,,
-0.15027969,-0.03451324,299.77451269,0.02599331,-0.03132521,-0.00813705,,,
-0.28499395,0.13096992,600.18979524,0.01199933,-0.05366641,-0.02303445,,,
-0.36891923,0.30139493,900.32126020,-0.02613789,-0.06450238,-0.03274092,,,
-0.58871456,0.73810865,1200.05605793,-0.07878857,-0.07610615,-0.03740195,,,
-0.64782395,1.21861486,1499.18209778,-0.15361756,-0.05530277,-0.04020834,,,
-1.06637150,0.34925651,1200.05059154,-0.06416332,-0.05290213,-0.02033837,,,
-1.13696184,-0.06967930,900.16737888,-0.00890169,-0.04292915,-0.00773575,,,
-0.90308071,-0.37691645,600.09152862,0.01160753,-0.03555397,0.00465305,,,
-0.59951884,-0.47764274,299.86034717,0.03023011,-0.00559129,0.01328779,,,
0.10167058,-0.13597217,-0.22534184,-0.02207668,0.02974791,0.02074177,,,
-0.05168951,-0.05968086,299.72530534,0.01979705,-0.01894565,0.00367627,,,
-0.08708226,0.02626972,600.12815947,0.00347362,-0.03975580,-0.01038307,,,
-0.27414944,0.31544189,900.19607049,-0.02492242,-0.04550182,-0.02369557,,,
-0.48270159,0.65736472,1199.94426640,-0.07805554,-0.06525954,-0.03017924,,,
-0.62917313,1.08909888,1499.10464034,-0.14513504,-0.05159260,-0.03149705,,,
-0.88567633,0.33084867,1200.01552533,-0.06296350,-0.03759998,-0.01200905,,,
-1.01113709,-0.11615654,900.16496034,-0.00946185,-0.02595925,0.00183072,,,
-0.93520904,-0.36056193,600.00171338,0.01226857,-0.01725068,0.01261439,,,
-0.56424101,-0.51793176,299.76083194,0.02650339,0.00225500,0.01926341,,,
0.17145142,-0.09824525,-0.27619962,-0.03828123,0.04183252,0.02597887,,,
0.00000000,0.00000000,0.00000000,0.00000000,0.00000000,0.00000000,,,
0.30039661,0.11593813,-40.05723071,-4.68024401,0.13658737,-0.08524414,,,
-0.13041559,0.01526803,-80.02823798,-9.56642174,0.09869865,-0.09206750,,,
-0.34686593,-0.12031668,-120.18611475,-14.51349152,0.04891189,-0.11290722,,,
-0.82421032,-0.63795861,-160.23116527,-19.39554461,-0.00993426,-0.12353770,,,
-0.97649621,-1.77094944,-200.17243137,-24.16901128,-0.06336391,-0.17101360,,,
-3.08150971,2.81771838,-159.43799005,-20.16016336,-0.30820984,0.10559685,,,
-2.92089049,6.60142227,-119.58474437,-15.83656934,-0.25109218,0.12904897,,,
-2.46160795,9.69329670,-79.85606566,-11.41568486,-0.20361357,0.12419388,,,
-1.77969100,8.95344268,-39.84263803,-6.36353233,-0.16858190,0.09300609,,,
-0.67851437,0.05356436,0.00338394,-0.14876925,-0.07108882,-0.00331643,,,
-0.42617563,0.31343963,-39.97831509,-4.78347284,0.10146325,-0.06472146,,,
-0.79443959,0.39769905,-80.01695062,-9.67823296,0.08346577,-0.06536108,,,
-1.17570835,0.29599196,-120.17230606,-14.61161802,0.01296188,-0.07037985,,,
-1.30223134,-0.11106435,-160.25909284,-19.49239087,-0.04910797,-0.10176513,,,
-1.23704897,-1.28576638,-200.22771925,-24.24935394,-0.10946978,-0.17092238,,,
-3.30486103,3.52434595,-159.60428090,-20.27741684,-0.32966200,0.12242853,,,
-2.86594108,6.99726825,-119.58926142,-15.88497084,-0.23211927,0.11573453,,,
-2.48564516,10.24193430,-79.93535144,-11.48515427,-0.19897145,0.12400716,,,
-1.92705374,8.78061468,-39.80070537,-6.30699706,-0.15906919,0.10409084,,,
-0.64482181,0.12592399,0.12731597,-0.15277754,-0.03852826,-0.00221804,,,
-0.37406058,0.41903641,-39.97117791,-4.82986209,0.10946824,-0.06904393,,,
-0.78244078,0.59760155,-80.02284944,-9.72159934,0.08712734,-0.06722709,,,
-1.11047087,0.82630842,-120.28698039,-14.71078239,0.03433985,-0.08363964,,,
-1.36457443,0.37269804,-160.49503164,-19.60286018,-0.05569912,-0.10489554,,,
-1.37926808,-0.80975780,-200.38369084,-24.28801032,-0.14683229,-0.15340697,,,
-3.30828794,3.95635471,-160.09684102,-20.31197615,-0.31970106,0.11958492,,,
-2.83599318,7.44248500,-119.99054373,-15.92981471,-0.21174340,0.10831302,,,
-2.61060945,10.51330055,-80.02126194,-11.51797513,-0.19969297,0.12984393,,,
-1.78792409,8.71631246,-40.19090132,-6.31211879,-0.13179167,0.09502942,,,
-0.57064787,0.19241631,0.04595735,-0.16550274,-0.03290419,-0.00199221,,,
0.00000000,0.00000000,0.00000000,0.00000000,0.00000000,0.00000000,,,
0.22410309,1.19773715,-39.81467157,4.50744023,0.12435031,0.08762455,,,
-0.04294286,2.19454973,-79.69799853,9.19194707,0.10971047,0.11176599,,,
-1.02932393,2.93840188,-119.94650834,14.07345085,-0.01753283,0.04060904,,,
-1.97779037,4.18774567,-159.97428724,18.82709042,-0.16389983,-0.02412286,,,
-2.70028768,5.68127989,-199.93063369,23.54490450,-0.32101304,-0.06112390,,,
-2.33103531,2.61389076,-160.29950574,19.34601666,-0.16839515,-0.06333960,,,
-1.43869001,0.26145942,-120.28851570,14.82085122,-0.02971891,-0.00794432,,,
-0.78779357,-1.64081554,-80.13732403,10.17648516,0.05804115,0.03085082,,,
0.08261756,-3.14251990,-40.10091140,5.48814313,0.09885064,0.07755697,,,
0.04957215,0.02979949,-0.04085599,0.10664973,-0.04496347,0.00330394,,,
-0.07565867,1.38885535,-39.80805414,4.55608526,0.07427685,0.05189980,,,
-0.48512992,2.03286373,-79.78266289,9.32628916,0.07462412,0.06254637,,,
-1.21362517,2.79984916,-119.81561610,14.15596365,-0.03547751,0.01233925,,,
-2.24524092,3.70695299,-159.85032661,18.96613555,-0.19413880,-0.05614100,,,
-3.01696425,4.99697533,-200.09975117,23.72858988,-0.32598078,-0.09298399,,,
-2.46462682,2.10306323,-160.26767299,19.45824727,-0.18145781,-0.07889207,,,
-1.53766481,-0.11378227,-120.29346099,14.91609585,-0.03152790,-0.01728755,,,
-0.75406947,-1.86612433,-80.19358766,10.25907694,0.06494131,0.03618477,,,
-0.18819755,-3.28524075,-40.25732815,5.55089210,0.06390630,0.04453995,,,
0.02380594,0.18600051,0.01688935,0.13669764,-0.06202779,-0.00069285,,,
-0.06669542,1.35534340,-39.83401113,4.60772868,0.05415063,0.03408866,,,
-0.39256261,2.03132916,-79.77831535,9.38300331,0.06907716,0.04917852,,,
-1.22053914,2.67572072,-119.87461706,14.21994199,-0.04140350,0.00093331,,,
-2.17273734,3.86920668,-159.95369310,18.99315275,-0.18847077,-0.06266335,,,
-3.03429184,5.15321100,-200.05936735,23.74238902,-0.33100641,-0.10122927,,,
-2.47976877,2.28422978,-160.32121611,19.48212226,-0.17360024,-0.08159053,,,
-1.45486073,0.15808378,-120.15087870,14.88482046,-0.03764230,-0.01974060,,,
-0.82020258,-1.73577694,-80.05933676,10.23711831,0.03759141,0.02186354,,,
-0.28333924,-3.22064210,-40.11128322,5.55663211,0.04454754,0.02780401,,,
0.08638258,0.17025157,0.06544935,0.14131825,-0.05380424,0.00175861,,,
0.00000000,0.00000000,0.00000000,0.00000000,0.00000000,0.00000000,,,
0.26603249,0.37543639,-39.36181307,-0.05394002,4.81094355,0.05902293,,,
0.06604411,-0.32785699,-79.69897904,0.07288078,9.67456050,-0.01435749,,,
-1.16269523,-0.86266602,-119.75018735,0.15802402,14.46792770,-0.05361473,,,
-3.05973188,-1.56955001,-160.20491451,0.26751869,19.10111850,-0.11763423,,,
-5.51336574,-2.23193068,-200.46143178,0.39921870,23.62257984,-0.17402387,,,
-1.31287979,-1.29662362,-160.34607112,0.20556656,19.59787215,-0.08988794,,,
1.55040192,-0.55737193,-120.12970338,0.07985973,15.14216011,-0.02883649,,,
3.27204740,-0.17530281,-80.01800927,-0.01136649,10.41711676,0.00068008,,,
3.37978547,0.28603821,-39.66094881,-0.07093139,5.47783081,0.02815107,,,
0.07531462,0.16833077,0.02504011,-0.04275743,0.08518905,0.00043936,,,
0.59060256,0.58418816,-39.44802605,-0.11489563,4.92753803,0.06597414,,,
0.51835384,-0.22201250,-79.50087783,0.00238469,9.78703021,-0.00467468,,,
-0.43368954,-0.71125650,-119.82527790,0.11041804,14.59162285,-0.04993940,,,
-2.52637945,-1.38464947,-160.21238563,0.22463101,19.21381417,-0.10262272,,,
-5.13010504,-2.06959160,-200.40025968,0.34539691,23.70991832,-0.16778343,,,
-0.76845785,-1.14083408,-160.61664466,0.16958931,19.71102915,-0.08362060,,,
2.09338431,-0.39603947,-120.26326940,0.04751580,15.24246743,-0.01847906,,,
3.69472948,0.08805640,-80.07293716,-0.03385686,10.52738221,0.01427377,,,
3.86811550,0.43050852,-39.66417969,-0.11293774,5.56648388,0.04179906,,,
0.06901238,0.27311499,0.08726277,-0.06872168,0.11203485,0.00082489,,,
0.71216696,0.58236392,-39.40592435,-0.13160498,4.95730713,0.06629096,,,
0.79192789,-0.10755132,-79.78934909,-0.01399399,9.85443083,-0.00240379,,,
-0.32853829,-0.72901415,-120.03834307,0.09778867,14.61363099,-0.04838195,,,
-2.38985345,-1.24827926,-160.30969674,0.21868298,19.25375168,-0.09678679,,,
-4.94705011,-1.96987268,-200.61625471,0.34154465,23.76171409,-0.16042725,,,
-0.58696540,-0.90246523,-160.62588537,0.15682349,19.74128933,-0.06629528,,,
2.42817884,-0.22310375,-120.28949014,0.04086648,15.28984497,-0.01273256,,,
3.87847557,0.14698026,-79.97930182,-0.05522219,10.55626620,0.01569985,,,
4.14638791,0.68413302,-39.73070456,-0.12729534,5.62180165,0.05542781,,,
0.04857143,0.38235044,0.05595815,-0.08348318,0.06888715,0.00050177,,,
0.00000000,0.00000000,0.00000000,0.00000000,0.00000000,0.00000000,,,
-0.42362711,-0.83875282,-39.66820979,0.11845482,-4.72336854,0.04299050,,,
-0.85514561,-1.70067632,-79.79662773,0.24425691,-9.67004477,0.08691815,,,
-0.32954649,-2.06603283,-120.10111869,0.32066214,-14.58546439,0.07722017,,,
-0.03721114,-1.43661159,-160.34668595,0.26109641,-19.49534342,-0.04122648,,,
0.23304470,-1.05300942,-200.38257036,0.20805841,-24.40580779,-0.14417041,,,
-1.15188262,-1.57123505,-160.12235180,0.27136155,-19.69302901,-0.02695064,,,
-3.09646019,-1.72718912,-119.97427444,0.24552320,-15.14651029,0.03886247,,,
-4.26924187,-0.95414840,-80.00518506,0.11871951,-10.43153992,0.00109017,,,
-4.14813350,-0.65204874,-39.93048993,0.09178065,-5.55162365,0.02351639,,,
-0.23135359,-0.03377096,-0.09745254,0.02208696,-0.19338801,-0.00574411,,,
-0.21491540,-0.70341054,-39.83723522,0.10666673,-4.75519243,0.03366592,,,
-0.11515912,-1.05098484,-80.01123578,0.14774397,-9.63975686,0.02201846,,,
0.18809407,-1.41737550,-120.03413779,0.20822008,-14.50957762,0.01191671,,,
0.57984253,-0.98070162,-160.29658701,0.15403174,-19.41636363,-0.09770630,,,
0.90071931,-0.59584658,-200.37665576,0.10827939,-24.30658207,-0.20414876,,,
-1.80153251,-0.82584081,-160.32028625,0.11667478,-19.94109897,-0.11931781,,,
-3.50141173,-0.79160806,-120.00656690,0.09721244,-15.27360984,-0.06598084,,,
-4.28398849,-0.01157628,-79.97931348,-0.00893870,-10.49802085,-0.11241602,,,
-4.76880590,0.40560237,-39.99689129,-0.04973456,-5.72304390,-0.10827432,,,
-0.33117025,-0.01517636,-0.19833842,0.02686431,-0.23026199,0.00237548,,,
-0.10965885,-0.55921170,-39.81619964,0.09642952,-4.77090396,0.02817340,,,
0.15807264,-0.89689233,-79.97991570,0.13961098,-9.59687536,0.01606642,,,
0.39100989,-1.18819114,-120.05686761,0.18733904,-14.49624739,0.00234507,,,
0.84683121,-0.77014767,-160.25041725,0.13714865,-19.39008832,-0.10399459,,,
1.31931122,-0.58211293,-200.40314540,0.11200214,-24.25621661,-0.18437904,,,
-1.63966230,-0.51761683,-160.52840485,0.10127885,-19.92738501,-0.13606429,,,
-3.31219731,-0.63576376,-120.06987949,0.07809465,-15.27165007,-0.07888137,,,
-4.25141404,0.12252633,-80.04908963,-0.01592517,-10.50941320,-0.11055508,,,
-4.25279003,0.15562269,-40.04035607,-0.01823994,-5.65411927,-0.05764539,,,
-0.25483913,0.11504178,-0.07709849,-0.00857024,-0.24445651,0.00655196,,,
0.00000000,0.00000000,0.00000000,0.00000000,0.00000000,0.00000000,,,
-1.11345553,-79.66186490,0.84466387,0.12795106,0.06359628,10.02404252,,,
-2.11901714,-160.06131543,1.57393334,0.25924652,0.05422878,20.02045860,,,
-0.46402626,-240.24996573,2.22862976,0.47297911,0.08493393,29.51779393,,,
0.90125580,-320.65517464,2.51458763,0.61798247,0.06206305,39.06477458,,,
1.28853059,-400.80933221,2.60865328,0.72470592,0.00670248,48.69585754,,,
1.54545952,-320.81594724,2.41548869,0.73491599,0.09940837,38.88818045,,,
1.84017731,-240.53391089,2.23334147,0.58954414,0.13333542,29.06195565,,,
1.98676122,-160.26323192,1.35786724,0.39383114,0.10841865,19.28877985,,,
1.22365800,-79.88781662,0.75338427,0.20948077,0.09274056,9.62924710,,,
0.04568604,0.08447443,-0.02971714,0.01932047,0.03488407,0.10908527,,,
-0.92953339,-79.63552192,0.87084233,0.13283902,0.09751327,10.09110803,,,
-1.96164694,-160.03231867,1.61351899,0.27237883,0.09465065,20.11488793,,,
-0.56075545,-240.26722741,2.19907435,0.48170686,0.11222540,29.64436089,,,
0.63314884,-320.56634263,2.49268761,0.62421989,0.08756916,39.19491948,,,
1.06662564,-400.84092440,2.66866308,0.75441094,0.03735054,48.85648943,,,
1.32323854,-320.80177091,2.58097566,0.73558347,0.12473632,39.03880822,,,
1.73961930,-240.43562140,2.13724172,0.59924880,0.15568366,29.20355055,,,
1.70093523,-160.15611168,1.39107445,0.39342526,0.13491347,19.41543738,,,
0.92845638,-79.84732676,0.95334629,0.21144925,0.11933531,9.79268226,,,
0.08542523,0.13766823,0.05616758,0.01679153,0.05730333,0.17449401,,,
-0.99201080,-79.51188267,0.88218696,0.13789691,0.11817992,10.17401808,,,
-1.86046729,-159.91684090,1.55527425,0.27251143,0.11028403,20.15989628,,,
-0.60123418,-240.17429112,2.12274600,0.49888093,0.14257527,29.71114973,,,
0.59047253,-320.32000561,2.51303318,0.62662573,0.11190583,39.24621287,,,
0.90717744,-400.74341852,2.63352117,0.77550015,0.05634622,48.93646901,,,
1.22105133,-320.69309966,2.55388099,0.76373984,0.15274912,39.11705459,,,
1.54621182,-240.27451386,2.10745106,0.60081057,0.18207213,29.28358465,,,
1.55954354,-160.12542332,1.42114577,0.38350268,0.15497146,19.50023877,,,
0.80401364,-79.64373870,0.84358392,0.21064208,0.14450009,9.85097417,,,
0.09106049,0.20886356,0.04821397,0.01199000,0.08897839,0.21922254,,,
0.00000000,0.00000000,0.00000000,0.00000000,0.00000000,0.00000000,,,
0.15741979,-79.70583520,0.96416560,0.15554442,0.01551982,-9.79405326,,,
0.99519119,-160.03350699,1.85006079,0.32697186,0.00976613,-19.75428070,,,
1.00916762,-240.45636283,2.56598346,0.54132922,0.01351942,-29.53807432,,,
0.86462506,-320.93718076,2.87684270,0.66481814,0.06497820,-39.34049086,,,
0.56533390,-401.18143992,2.75179843,0.77517942,0.10055959,-49.20617346,,,
0.49261405,-320.62973039,2.69198883,0.76637686,0.06980539,-39.35824662,,,
-0.63775005,-240.25239832,2.06950244,0.62207847,0.06725193,-29.36667741,,,
-1.38552603,-160.12395295,1.56189396,0.43812687,0.03646960,-19.39649879,,,
-1.41923169,-79.64514472,1.04452610,0.29790198,-0.00531935,-9.48120899,,,
-0.04298154,0.04227467,-0.03220636,0.02467105,0.01898079,0.10113402,,,
0.31123715,-79.58429926,0.89236038,0.09319122,0.03255140,-9.71825436,,,
1.19879265,-159.99701404,1.71700787,0.27636059,0.05259845,-19.68655590,,,
1.45043802,-240.05745102,2.29594372,0.51539536,0.09016269,-29.46816559,,,
1.40886451,-320.82187747,2.58135815,0.61514800,0.11356662,-39.33061545,,,
1.24095121,-401.11062294,2.61552150,0.68996749,0.14991750,-49.19611477,,,
0.94101825,-320.34018043,2.24865217,0.72413866,0.14751998,-39.31210146,,,
-0.10265416,-240.22977928,1.77424985,0.55964097,0.11794760,-29.32368115,,,
-0.83770627,-160.01590137,1.22242226,0.40236216,0.09914629,-19.34925240,,,
-0.85010379,-79.55960806,0.74493574,0.23262672,0.05135470,-9.45277324,,,
0.01742429,0.16754047,-0.00612654,0.03276507,0.02430642,0.19529063,,,
0.43261062,-79.51600085,0.98039588,0.09432257,0.04855967,-9.62516797,,,
1.23615319,-159.92021357,1.74627853,0.28416097,0.07883072,-19.58938053,,,
1.52612914,-240.24440446,2.21698015,0.49832327,0.10084063,-29.42912911,,,
1.48428484,-320.66977972,2.56885802,0.60312632,0.13844514,-39.25174310,,,
1.32914615,-401.02767614,2.50254233,0.70521748,0.16956396,-49.10024506,,,
1.19342960,-320.17276862,2.24796123,0.71191311,0.16213584,-39.23277196,,,
0.08287392,-240.17618668,1.69299340,0.56177998,0.13917441,-29.25710668,,,
-0.65541649,-159.85127991,1.17539717,0.37991870,0.10619690,-19.27816333,,,
-0.73252582,-79.45382695,0.66447190,0.21597925,0.05761812,-9.38269512,,,
0.03312285,0.23765932,0.03905138,0.01950383,0.02804311,0.26880806,,,
,,,,,,,,
,,,,,,,,
"========== I类误差/II类误差 (Fx-Fx', Fy-Fy', ...) ==========",,,,,,,,
Fx-Fx',Fy-Fy',Fz-Fz',Mx-Mx',My-My',Mz-Mz',,,
0.00000000,0.00000000,0.00000000,0.00000000,0.00000000,0.00000000,,,
-0.12200153,-0.48943326,0.01829180,0.02065377,0.24954623,-0.11578436,,,
-0.06387052,-0.71295815,-0.72810224,-0.00002957,0.62206554,-0.13758119,,,
0.02615521,-0.53998563,-1.94330278,-0.03416063,1.09021871,-0.06431764,,,
0.52358762,-0.63970981,-3.15549875,-0.05734538,1.61855829,-0.06831198,,,
1.15717411,2.34864560,-4.41405008,-0.12006081,2.09209684,0.70057886,,,
0.96847066,2.74024308,-1.97023793,-0.09252660,1.29424479,0.61225585,,,
1.00730494,3.30807536,-0.83262168,-0.08505862,0.72573247,0.64076841,,,
0.98031777,3.75949874,0.24630037,-0.06246541,0.27615208,0.63958432,,,
0.90812403,4.17587243,0.68999665,-0.01021405,0.01776717,0.60666422,,,
0.74509754,2.11065759,0.59114317,0.01500133,-0.07316105,0.00278733,,,
0.68137760,1.14035576,0.82449067,0.04971285,0.21254676,-0.12493440,,,
0.43753985,1.11949487,-0.14135808,0.01617860,0.56373275,-0.08551101,,,
0.56412060,0.95637198,-1.32710389,-0.00933892,1.02283608,-0.07077174,,,
0.84153024,0.63116785,-2.45176207,-0.03404669,1.53377850,-0.08277731,,,
1.44457400,1.91560351,-3.40505631,-0.07495558,2.02603417,0.28325802,,,
1.13315075,2.15910368,-1.21453327,-0.05850842,1.22629113,0.22707375,,,
1.23295494,2.60851822,0.22041622,-0.03658699,0.69618143,0.26350242,,,
0.95360078,3.07394887,1.27100725,-0.00787062,0.25798989,0.28112657,,,
0.97186167,3.40937181,1.62615303,0.00449566,-0.02827281,0.24516930,,,
1.07282905,2.72563736,1.22941737,0.04246121,-0.02212478,-0.00846353,,,
0.78071632,1.95939709,1.25289697,0.06053451,0.22188878,-0.12590403,,,
0.80092678,1.83577076,0.26045722,0.02346788,0.56799615,-0.08639667,,,
0.67416895,1.50687279,-0.49418505,0.01432510,1.04374564,-0.08488445,,,
1.06175900,1.16862805,-1.74746581,-0.01583341,1.54802860,-0.10110668,,,
1.63732177,1.20349011,-2.66065709,-0.04168913,2.01866828,0.00415178,,,
1.26394430,1.57545675,-0.76059228,-0.05890540,1.18159396,-0.03881962,,,
1.26910035,2.14794134,0.53597455,-0.02903995,0.64971028,0.00560906,,,
1.27305152,2.51008494,1.90072019,0.01279428,0.24192379,0.03299222,,,
1.35874091,2.80638677,2.17464697,0.01740652,-0.06155608,0.01080514,,,
1.27525152,3.20352165,1.68989110,0.01995104,-0.06801989,-0.00572016,,,
0.00000000,0.00000000,0.00000000,0.00000000,0.00000000,0.00000000,,,
0.60014696,0.35271865,-0.93701004,-0.03393144,0.24771780,0.02893703,,,
1.09476512,1.14607963,-0.55525396,-0.05392996,0.39781884,0.11819696,,,
1.51904907,1.50546794,-0.31358047,-0.05904899,0.60155769,0.14961765,,,
1.82689538,1.69187337,-1.71109251,-0.06703138,1.20611230,0.14170188,,,
1.98580843,2.16651627,-3.25684112,-0.06298304,1.92853816,0.19273228,,,
1.19493107,1.88749641,-2.07118326,-0.02336066,1.52403708,0.19276847,,,
0.11275658,1.65994018,-0.84213269,-0.02145546,0.94611251,0.19234126,,,
-0.06643640,1.15737848,-0.81803248,-0.01704557,0.66466832,0.15817846,,,
-0.19136289,0.30657128,-1.44651091,-0.00013163,0.57060361,0.03435570,,,
-0.41560163,0.01329038,0.21343134,0.00931820,0.04403599,-0.00585923,,,
0.18423151,0.42523730,-0.73725484,-0.04068869,0.25523672,0.02091516,,,
0.73118535,1.05694946,-0.41145486,-0.05801836,0.40529911,0.09700126,,,
1.21357950,1.60388959,0.01935996,-0.04762003,0.60130300,0.15476675,,,
1.58573054,1.83999355,-1.26471307,-0.05728913,1.20772383,0.14614387,,,
1.86946952,2.08576053,-2.99308425,-0.05476565,1.99789859,0.16550135,,,
1.00793502,1.92059427,-1.91675194,-0.02444437,1.52670866,0.17059149,,,
-0.17024324,1.71760126,-0.35020264,-0.00720694,0.96317507,0.18068490,,,
-0.44797583,1.23710100,-0.35495371,-0.00829632,0.67295716,0.14087752,,,
-0.59848703,0.40623096,-1.00979364,-0.00328563,0.58563108,0.02531931,,,
-0.77191096,0.10886988,0.47508715,-0.00955712,0.07649440,-0.01103887,,,
-0.08611314,0.56425101,-0.44833259,-0.05023021,0.28605579,0.02479527,,,
0.43804311,1.25603136,-0.15583419,-0.05095276,0.44046581,0.10481437,,,
0.85708055,1.71843805,0.23718492,-0.04544227,0.64364827,0.14981672,,,
1.50400925,1.96506232,-0.93330053,-0.04453152,1.22934021,0.14710543,,,
1.72753977,2.26952479,-2.62992310,-0.04881024,1.95843737,0.15224878,,,
0.88765507,1.98893217,-1.53595926,-0.01146530,1.53909246,0.15863034,,,
-0.17891464,1.60479486,-0.27968049,-0.01165093,0.98540777,0.15703132,,,
-0.38109662,1.27692560,-0.15512599,-0.01829358,0.68137226,0.13162789,,,
-0.61953614,0.48411521,-0.71850888,-0.02113296,0.60044202,0.01869271,,,
-0.78560041,0.19086991,0.75721658,-0.01460447,0.13973217,-0.01070348,,,
0.00000000,0.00000000,0.00000000,0.00000000,0.00000000,0.00000000,,,
-0.12546555,0.31261222,-1.71157135,-0.82459556,-0.05908074,0.01160310,,,
0.56573452,0.59701819,-3.98113670,-1.60014633,-0.06377018,-0.13903620,,,
1.10660974,1.35652899,-6.60905084,-2.37691949,-0.05905034,-0.26016882,,,
1.27384893,1.99643515,-9.03797001,-3.16864810,-0.04866170,-0.30980665,,,
1.18471115,2.81815311,-11.25820102,-3.96202880,-0.03494341,-0.30215172,,,
0.47114484,2.43786674,-8.38537472,-2.83102694,-0.04240180,-0.15240132,,,
0.26967087,1.80057066,-5.96716165,-2.01486064,-0.06475572,-0.09504239,,,
-0.09614148,0.93563116,-3.57899890,-1.26455432,-0.07021507,-0.01537201,,,
-0.61484143,0.84108265,-1.49209794,-0.55540925,-0.04254207,0.10881267,,,
-0.11427705,-0.05548717,0.27438601,-0.02672934,-0.01710982,-0.00150759,,,
-0.16393853,0.13817323,-1.87949715,-0.84052167,-0.07083772,-0.00609281,,,
0.50470045,0.69862239,-3.94423490,-1.60957675,-0.09143887,-0.17199649,,,
1.10918498,1.39914849,-6.66233948,-2.37767258,-0.08001887,-0.28391681,,,
1.47407976,1.91307326,-8.94623391,-3.18460463,-0.07295250,-0.37886805,,,
1.68194884,2.75889801,-11.29260104,-3.97915727,-0.05464897,-0.44129567,,,
0.93547425,2.33036131,-8.31736696,-2.86205953,-0.08193311,-0.28429131,,,
0.72296191,1.71950847,-5.92090617,-2.04225180,-0.08899622,-0.21567128,,,
0.36404613,1.43725316,-3.54695270,-1.28721130,-0.08866487,-0.13503259,,,
-0.11572871,0.78466877,-1.42574835,-0.60530036,-0.06809736,-0.02159261,,,
-0.15207011,0.10466419,0.32045170,-0.00406205,-0.03857904,-0.00358579,,,
-0.09354466,0.28211096,-1.58807435,-0.81933662,-0.08822291,-0.02598984,,,
0.59753766,0.71447546,-3.80272659,-1.58185899,-0.10474290,-0.17900712,,,
1.12744709,1.28608519,-6.36923071,-2.36682022,-0.10357132,-0.30734851,,,
1.47379391,1.88484194,-8.97712897,-3.14290028,-0.08857293,-0.39729180,,,
1.85401233,2.65509289,-11.12290331,-3.95334606,-0.07723320,-0.49055977,,,
1.14794567,2.28981893,-8.34178712,-2.82703699,-0.08365161,-0.32619724,,,
0.94141218,1.67252362,-5.84574489,-2.00240128,-0.09284835,-0.26163597,,,
0.50922528,1.21733643,-3.60303709,-1.24875837,-0.08686901,-0.17104929,,,
0.05404620,0.75026133,-1.41473774,-0.56453379,-0.06601999,-0.07014921,,,
-0.24321409,-0.07952387,0.46303008,0.01116648,-0.03990316,-0.00175946,,,
0.00000000,0.00000000,0.00000000,0.00000000,0.00000000,0.00000000,,,
-0.14046755,0.04860844,-1.15221983,-0.30183029,-0.00267480,0.04427067,,,
0.00139003,0.57257281,-2.65446834,-0.80920109,0.01708837,0.02434235,,,
1.15186507,1.50120042,-4.66222085,-1.55437982,0.02457518,-0.19454556,,,
1.84158511,2.31541885,-6.43003888,-2.30278870,0.05962287,-0.35106459,,,
2.97240486,3.17736045,-9.40238873,-3.32436427,0.10549762,-0.56549096,,,
2.06064502,1.84474095,-6.81723693,-2.61969887,0.01437604,-0.38122921,,,
1.59749261,0.89257375,-5.04363293,-1.97595380,-0.01895688,-0.29420739,,,
1.09760058,0.02799550,-3.20077893,-1.29629268,-0.03490368,-0.21461996,,,
0.75421171,-0.64105374,-1.23203150,-0.66208948,-0.01265027,-0.13473765,,,
-0.13097197,-0.27583825,0.21175231,-0.08648937,0.00930509,-0.00069061,,,
-0.26568550,-0.32940979,-1.01736763,-0.30984058,-0.00101713,0.04133672,,,
-0.20501671,0.35833329,-2.27015629,-0.82950476,-0.01444359,0.02208456,,,
0.90475526,1.08255436,-4.38113467,-1.54890752,-0.00246901,-0.17250817,,,
1.61012272,1.84777779,-6.17116206,-2.35407593,0.01287389,-0.31151435,,,
2.66936692,3.00095929,-9.10011327,-3.38279032,0.04645807,-0.52290388,,,
1.77293081,2.09933624,-6.65317542,-2.64641368,-0.01463993,-0.33168558,,,
1.39316945,0.92051485,-4.64464892,-1.95330401,-0.03004631,-0.24309954,,,
0.75413164,-0.09980630,-2.87738069,-1.25150011,-0.02439834,-0.14034262,,,
0.38171820,-0.84076924,-1.05002670,-0.61155618,0.00973936,-0.07540212,,,
-0.09045292,-0.42952460,0.21604202,-0.10070545,0.05601730,-0.00012900,,,
-0.19178748,-0.56009015,-0.89827187,-0.33842241,0.01110984,0.01154168,,,
-0.29373658,0.20020582,-2.23802187,-0.82074419,-0.00873109,0.01740970,,,
1.10891339,1.08305109,-4.52702270,-1.86545111,-0.04681557,-0.23136661,,,
1.54507125,1.86085964,-6.15838377,-2.38505674,-0.00512979,-0.32268221,,,
2.57504855,2.79396629,-8.92498927,-3.37077186,0.05145108,-0.52772729,,,
1.61627735,1.66384693,-6.40773301,-2.70822164,-0.05363406,-0.33994883,,,
1.32883691,0.75139072,-4.59010597,-1.98574024,-0.04467751,-0.25876797,,,
0.75012189,-0.16489430,-2.70683938,-1.29165756,-0.01973635,-0.14787954,,,
0.46120222,-0.95269021,-0.94457905,-0.63111691,0.02045562,-0.07758217,,,
-0.08451950,-0.56457385,0.27232935,-0.15636360,0.06917338,-0.00122758,,,
0.00000000,0.00000000,0.00000000,0.00000000,0.00000000,0.00000000,,,
0.20290517,-0.01526028,-0.25531117,-0.03973410,0.04864566,0.01605783,,,
0.30630260,-0.19639940,-0.26605772,-0.03957872,0.07651388,0.03363295,,,
0.48151571,-0.42139389,-0.43217270,0.00776904,0.07595383,0.04282656,,,
0.69351174,-0.72923497,-0.09748652,0.07788527,0.08595392,0.04753452,,,
0.80149406,-1.11803577,0.52625763,0.15515143,0.06341273,0.05052957,,,
1.17127092,-0.26859361,-0.17491771,0.05823415,0.06338602,0.03338852,,,
1.30722341,0.17089714,-0.20251216,-0.00145092,0.06148832,0.02019994,,,
1.09896365,0.36902610,-0.15664208,-0.02466201,0.05244742,0.00906935,,,
0.76333976,0.49067604,0.02308594,-0.04476980,0.01578318,-0.00087054,,,
-0.06074042,0.09686169,0.11923112,0.01000009,-0.02282065,-0.00863936,,,
0.15027969,0.03451324,0.22548731,-0.02599331,0.03132521,0.00813705,,,
0.28499395,-0.13096992,-0.18979524,-0.01199933,0.05366641,0.02303445,,,
0.36891923,-0.30139493,-0.32126020,0.02613789,0.06450238,0.03274092,,,
0.58871456,-0.73810865,-0.05605793,0.07878857,0.07610615,0.03740195,,,
0.64782395,-1.21861486,0.81790222,0.15361756,0.05530277,0.04020834,,,
1.06637150,-0.34925651,-0.05059154,0.06416332,0.05290213,0.02033837,,,
1.13696184,0.06967930,-0.16737888,0.00890169,0.04292915,0.00773575,,,
0.90308071,0.37691645,-0.09152862,-0.01160753,0.03555397,-0.00465305,,,
0.59951884,0.47764274,0.13965283,-0.03023011,0.00559129,-0.01328779,,,
-0.10167058,0.13597217,0.22534184,0.02207668,-0.02974791,-0.02074177,,,
0.05168951,0.05968086,0.27469466,-0.01979705,0.01894565,-0.00367627,,,
0.08708226,-0.02626972,-0.12815947,-0.00347362,0.03975580,0.01038307,,,
0.27414944,-0.31544189,-0.19607049,0.02492242,0.04550182,0.02369557,,,
0.48270159,-0.65736472,0.05573360,0.07805554,0.06525954,0.03017924,,,
0.62917313,-1.08909888,0.89535966,0.14513504,0.05159260,0.03149705,,,
0.88567633,-0.33084867,-0.01552533,0.06296350,0.03759998,0.01200905,,,
1.01113709,0.11615654,-0.16496034,0.00946185,0.02595925,-0.00183072,,,
0.93520904,0.36056193,-0.00171338,-0.01226857,0.01725068,-0.01261439,,,
0.56424101,0.51793176,0.23916806,-0.02650339,-0.00225500,-0.01926341,,,
-0.17145142,0.09824525,0.27619962,0.03828123,-0.04183252,-0.02597887,,,
0.00000000,0.00000000,0.00000000,0.00000000,0.00000000,0.00000000,,,
-0.30039661,-0.11593813,0.05723071,-0.21975599,-0.13658737,0.08524414,,,
0.13041559,-0.01526803,0.02823798,-0.23357826,-0.09869865,0.09206750,,,
0.34686593,0.12031668,0.18611475,-0.18650848,-0.04891189,0.11290722,,,
0.82421032,0.63795861,0.23116527,-0.20445539,0.00993426,0.12353770,,,
0.97649621,1.77094944,0.17243137,-0.33098872,0.06336391,0.17101360,,,
3.08150971,-2.81771838,-0.56200995,0.56016336,0.30820984,-0.10559685,,,
2.92089049,-6.60142227,-0.41525563,1.13656934,0.25109218,-0.12904897,,,
2.46160795,-9.69329670,-0.14393434,1.61568486,0.20361357,-0.12419388,,,
1.77969100,-8.95344268,-0.15736197,1.46353233,0.16858190,-0.09300609,,,
0.67851437,-0.05356436,-0.00338394,0.14876925,0.07108882,0.00331643,,,
0.42617563,-0.31343963,-0.02168491,-0.11652716,-0.10146325,0.06472146,,,
0.79443959,-0.39769905,0.01695062,-0.12176704,-0.08346577,0.06536108,,,
1.17570835,-0.29599196,0.17230606,-0.08838198,-0.01296188,0.07037985,,,
1.30223134,0.11106435,0.25909284,-0.10760913,0.04910797,0.10176513,,,
1.23704897,1.28576638,0.22771925,-0.25064606,0.10946978,0.17092238,,,
3.30486103,-3.52434595,-0.39571910,0.67741684,0.32966200,-0.12242853,,,
2.86594108,-6.99726825,-0.41073858,1.18497084,0.23211927,-0.11573453,,,
2.48564516,-10.24193430,-0.06464856,1.68515427,0.19897145,-0.12400716,,,
1.92705374,-8.78061468,-0.19929463,1.40699706,0.15906919,-0.10409084,,,
0.64482181,-0.12592399,-0.12731597,0.15277754,0.03852826,0.00221804,,,
0.37406058,-0.41903641,-0.02882209,-0.07013791,-0.10946824,0.06904393,,,
0.78244078,-0.59760155,0.02284944,-0.07840066,-0.08712734,0.06722709,,,
1.11047087,-0.82630842,0.28698039,0.01078239,-0.03433985,0.08363964,,,
1.36457443,-0.37269804,0.49503164,0.00286018,0.05569912,0.10489554,,,
1.37926808,0.80975780,0.38369084,-0.21198968,0.14683229,0.15340697,,,
3.30828794,-3.95635471,0.09684102,0.71197615,0.31970106,-0.11958492,,,
2.83599318,-7.44248500,-0.00945627,1.22981471,0.21174340,-0.10831302,,,
2.61060945,-10.51330055,0.02126194,1.71797513,0.19969297,-0.12984393,,,
1.78792409,-8.71631246,0.19090132,1.41211879,0.13179167,-0.09502942,,,
0.57064787,-0.19241631,-0.04595735,0.16550274,0.03290419,0.00199221,,,
0.00000000,0.00000000,0.00000000,0.00000000,0.00000000,0.00000000,,,
-0.22410309,-1.19773715,-0.18532843,0.39255977,-0.12435031,-0.08762455,,,
0.04294286,-2.19454973,-0.30200147,0.60805293,-0.10971047,-0.11176599,,,
1.02932393,-2.93840188,-0.05349166,0.62654915,0.01753283,-0.04060904,,,
1.97779037,-4.18774567,-0.02571276,0.77290958,0.16389983,0.02412286,,,
2.70028768,-5.68127989,-0.06936631,0.95509550,0.32101304,0.06112390,,,
2.33103531,-2.61389076,0.29950574,0.25398334,0.16839515,0.06333960,,,
1.43869001,-0.26145942,0.28851570,-0.12085122,0.02971891,0.00794432,,,
0.78779357,1.64081554,0.13732403,-0.37648516,-0.05804115,-0.03085082,,,
-0.08261756,3.14251990,0.10091140,-0.58814313,-0.09885064,-0.07755697,,,
-0.04957215,-0.02979949,0.04085599,-0.10664973,0.04496347,-0.00330394,,,
0.07565867,-1.38885535,-0.19194586,0.34391474,-0.07427685,-0.05189980,,,
0.48512992,-2.03286373,-0.21733711,0.47371084,-0.07462412,-0.06254637,,,
1.21362517,-2.79984916,-0.18438390,0.54403635,0.03547751,-0.01233925,,,
2.24524092,-3.70695299,-0.14967339,0.63386445,0.19413880,0.05614100,,,
3.01696425,-4.99697533,0.09975117,0.77141012,0.32598078,0.09298399,,,
2.46462682,-2.10306323,0.26767299,0.14175273,0.18145781,0.07889207,,,
1.53766481,0.11378227,0.29346099,-0.21609585,0.03152790,0.01728755,,,
0.75406947,1.86612433,0.19358766,-0.45907694,-0.06494131,-0.03618477,,,
0.18819755,3.28524075,0.25732815,-0.65089210,-0.06390630,-0.04453995,,,
-0.02380594,-0.18600051,-0.01688935,-0.13669764,0.06202779,0.00069285,,,
0.06669542,-1.35534340,-0.16598887,0.29227132,-0.05415063,-0.03408866,,,
0.39256261,-2.03132916,-0.22168465,0.41699669,-0.06907716,-0.04917852,,,
1.22053914,-2.67572072,-0.12538294,0.48005801,0.04140350,-0.00093331,,,
2.17273734,-3.86920668,-0.04630690,0.60684725,0.18847077,0.06266335,,,
3.03429184,-5.15321100,0.05936735,0.75761098,0.33100641,0.10122927,,,
2.47976877,-2.28422978,0.32121611,0.11787774,0.17360024,0.08159053,,,
1.45486073,-0.15808378,0.15087870,-0.18482046,0.03764230,0.01974060,,,
0.82020258,1.73577694,0.05933676,-0.43711831,-0.03759141,-0.02186354,,,
0.28333924,3.22064210,0.11128322,-0.65663211,-0.04454754,-0.02780401,,,
-0.08638258,-0.17025157,-0.06544935,-0.14131825,0.05380424,-0.00175861,,,
0.00000000,0.00000000,0.00000000,0.00000000,0.00000000,0.00000000,,,
-0.26603249,-0.37543639,-0.63818693,0.05394002,0.08905645,-0.05902293,,,
-0.06604411,0.32785699,-0.30102096,-0.07288078,0.12543950,0.01435749,,,
1.16269523,0.86266602,-0.24981265,-0.15802402,0.23207230,0.05361473,,,
3.05973188,1.56955001,0.20491451,-0.26751869,0.49888150,0.11763423,,,
5.51336574,2.23193068,0.46143178,-0.39921870,0.87742016,0.17402387,,,
1.31287979,1.29662362,0.34607112,-0.20556656,0.00212785,0.08988794,,,
-1.55040192,0.55737193,0.12970338,-0.07985973,-0.44216011,0.02883649,,,
-3.27204740,0.17530281,0.01800927,0.01136649,-0.61711676,-0.00068008,,,
-3.37978547,-0.28603821,-0.33905119,0.07093139,-0.57783081,-0.02815107,,,
-0.07531462,-0.16833077,-0.02504011,0.04275743,-0.08518905,-0.00043936,,,
-0.59060256,-0.58418816,-0.55197395,0.11489563,-0.02753803,-0.06597414,,,
-0.51835384,0.22201250,-0.49912217,-0.00238469,0.01296979,0.00467468,,,
0.43368954,0.71125650,-0.17472210,-0.11041804,0.10837715,0.04993940,,,
2.52637945,1.38464947,0.21238563,-0.22463101,0.38618583,0.10262272,,,
5.13010504,2.06959160,0.40025968,-0.34539691,0.79008168,0.16778343,,,
0.76845785,1.14083408,0.61664466,-0.16958931,-0.11102915,0.08362060,,,
-2.09338431,0.39603947,0.26326940,-0.04751580,-0.54246743,0.01847906,,,
-3.69472948,-0.08805640,0.07293716,0.03385686,-0.72738221,-0.01427377,,,
-3.86811550,-0.43050852,-0.33582031,0.11293774,-0.66648388,-0.04179906,,,
-0.06901238,-0.27311499,-0.08726277,0.06872168,-0.11203485,-0.00082489,,,
-0.71216696,-0.58236392,-0.59407565,0.13160498,-0.05730713,-0.06629096,,,
-0.79192789,0.10755132,-0.21065091,0.01399399,-0.05443083,0.00240379,,,
0.32853829,0.72901415,0.03834307,-0.09778867,0.08636901,0.04838195,,,
2.38985345,1.24827926,0.30969674,-0.21868298,0.34624832,0.09678679,,,
4.94705011,1.96987268,0.61625471,-0.34154465,0.73828591,0.16042725,,,
0.58696540,0.90246523,0.62588537,-0.15682349,-0.14128933,0.06629528,,,
-2.42817884,0.22310375,0.28949014,-0.04086648,-0.58984497,0.01273256,,,
-3.87847557,-0.14698026,-0.02069818,0.05522219,-0.75626620,-0.01569985,,,
-4.14638791,-0.68413302,-0.26929544,0.12729534,-0.72180165,-0.05542781,,,
-0.04857143,-0.38235044,-0.05595815,0.08348318,-0.06888715,-0.00050177,,,
0.00000000,0.00000000,0.00000000,0.00000000,0.00000000,0.00000000,,,
0.42362711,0.83875282,-0.33179021,-0.11845482,-0.17663146,-0.04299050,,,
0.85514561,1.70067632,-0.20337227,-0.24425691,-0.12995523,-0.08691815,,,
0.32954649,2.06603283,0.10111869,-0.32066214,-0.11453561,-0.07722017,,,
0.03721114,1.43661159,0.34668595,-0.26109641,-0.10465658,0.04122648,,,
-0.23304470,1.05300942,0.38257036,-0.20805841,-0.09419221,0.14417041,,,
1.15188262,1.57123505,0.12235180,-0.27136155,0.09302901,0.02695064,,,
3.09646019,1.72718912,-0.02572556,-0.24552320,0.44651029,-0.03886247,,,
4.26924187,0.95414840,0.00518506,-0.11871951,0.63153992,-0.00109017,,,
4.14813350,0.65204874,-0.06951007,-0.09178065,0.65162365,-0.02351639,,,
0.23135359,0.03377096,0.09745254,-0.02208696,0.19338801,0.00574411,,,
0.21491540,0.70341054,-0.16276478,-0.10666673,-0.14480757,-0.03366592,,,
0.11515912,1.05098484,0.01123578,-0.14774397,-0.16024314,-0.02201846,,,
-0.18809407,1.41737550,0.03413779,-0.20822008,-0.19042238,-0.01191671,,,
-0.57984253,0.98070162,0.29658701,-0.15403174,-0.18363637,0.09770630,,,
-0.90071931,0.59584658,0.37665576,-0.10827939,-0.19341793,0.20414876,,,
1.80153251,0.82584081,0.32028625,-0.11667478,0.34109897,0.11931781,,,
3.50141173,0.79160806,0.00656690,-0.09721244,0.57360984,0.06598084,,,
4.28398849,0.01157628,-0.02068652,0.00893870,0.69802085,0.11241602,,,
4.76880590,-0.40560237,-0.00310871,0.04973456,0.82304390,0.10827432,,,
0.33117025,0.01517636,0.19833842,-0.02686431,0.23026199,-0.00237548,,,
0.10965885,0.55921170,-0.18380036,-0.09642952,-0.12909604,-0.02817340,,,
-0.15807264,0.89689233,-0.02008430,-0.13961098,-0.20312464,-0.01606642,,,
-0.39100989,1.18819114,0.05686761,-0.18733904,-0.20375261,-0.00234507,,,
-0.84683121,0.77014767,0.25041725,-0.13714865,-0.20991168,0.10399459,,,
-1.31931122,0.58211293,0.40314540,-0.11200214,-0.24378339,0.18437904,,,
1.63966230,0.51761683,0.52840485,-0.10127885,0.32738501,0.13606429,,,
3.31219731,0.63576376,0.06987949,-0.07809465,0.57165007,0.07888137,,,
4.25141404,-0.12252633,0.04908963,0.01592517,0.70941320,0.11055508,,,
4.25279003,-0.15562269,0.04035607,0.01823994,0.75411927,0.05764539,,,
0.25483913,-0.11504178,0.07709849,0.00857024,0.24445651,-0.00655196,,,
0.00000000,0.00000000,0.00000000,0.00000000,0.00000000,0.00000000,,,
1.11345553,-0.33813510,-0.84466387,-0.12795106,-0.06359628,-0.22404252,,,
2.11901714,0.06131543,-1.57393334,-0.25924652,-0.05422878,-0.42045860,,,
0.46402626,0.24996573,-2.22862976,-0.47297911,-0.08493393,-0.11779393,,,
-0.90125580,0.65517464,-2.51458763,-0.61798247,-0.06206305,0.13522542,,,
-1.28853059,0.80933221,-2.60865328,-0.72470592,-0.00670248,0.30414246,,,
-1.54545952,0.81594724,-2.41548869,-0.73491599,-0.09940837,0.31181955,,,
-1.84017731,0.53391089,-2.23334147,-0.58954414,-0.13333542,0.33804435,,,
-1.98676122,0.26323192,-1.35786724,-0.39383114,-0.10841865,0.31122015,,,
-1.22365800,-0.11218338,-0.75338427,-0.20948077,-0.09274056,0.17075290,,,
-0.04568604,-0.08447443,0.02971714,-0.01932047,-0.03488407,-0.10908527,,,
0.92953339,-0.36447808,-0.87084233,-0.13283902,-0.09751327,-0.29110803,,,
1.96164694,0.03231867,-1.61351899,-0.27237883,-0.09465065,-0.51488793,,,
0.56075545,0.26722741,-2.19907435,-0.48170686,-0.11222540,-0.24436089,,,
-0.63314884,0.56634263,-2.49268761,-0.62421989,-0.08756916,0.00508052,,,
-1.06662564,0.84092440,-2.66866308,-0.75441094,-0.03735054,0.14351057,,,
-1.32323854,0.80177091,-2.58097566,-0.73558347,-0.12473632,0.16119178,,,
-1.73961930,0.43562140,-2.13724172,-0.59924880,-0.15568366,0.19644945,,,
-1.70093523,0.15611168,-1.39107445,-0.39342526,-0.13491347,0.18456262,,,
-0.92845638,-0.15267324,-0.95334629,-0.21144925,-0.11933531,0.00731774,,,
-0.08542523,-0.13766823,-0.05616758,-0.01679153,-0.05730333,-0.17449401,,,
0.99201080,-0.48811733,-0.88218696,-0.13789691,-0.11817992,-0.37401808,,,
1.86046729,-0.08315910,-1.55527425,-0.27251143,-0.11028403,-0.55989628,,,
0.60123418,0.17429112,-2.12274600,-0.49888093,-0.14257527,-0.31114973,,,
-0.59047253,0.32000561,-2.51303318,-0.62662573,-0.11190583,-0.04621287,,,
-0.90717744,0.74341852,-2.63352117,-0.77550015,-0.05634622,0.06353099,,,
-1.22105133,0.69309966,-2.55388099,-0.76373984,-0.15274912,0.08294541,,,
-1.54621182,0.27451386,-2.10745106,-0.60081057,-0.18207213,0.11641535,,,
-1.55954354,0.12542332,-1.42114577,-0.38350268,-0.15497146,0.09976123,,,
-0.80401364,-0.35626130,-0.84358392,-0.21064208,-0.14450009,-0.05097417,,,
-0.09106049,-0.20886356,-0.04821397,-0.01199000,-0.08897839,-0.21922254,,,
0.00000000,0.00000000,0.00000000,0.00000000,0.00000000,0.00000000,,,
-0.15741979,-0.29416480,-0.96416560,-0.15554442,-0.01551982,-0.00594674,,,
-0.99519119,0.03350699,-1.85006079,-0.32697186,-0.00976613,0.15428070,,,
-1.00916762,0.45636283,-2.56598346,-0.54132922,-0.01351942,0.13807432,,,
-0.86462506,0.93718076,-2.87684270,-0.66481814,-0.06497820,0.14049086,,,
-0.56533390,1.18143992,-2.75179843,-0.77517942,-0.10055959,0.20617346,,,
-0.49261405,0.62973039,-2.69198883,-0.76637686,-0.06980539,0.15824662,,,
0.63775005,0.25239832,-2.06950244,-0.62207847,-0.06725193,-0.03332259,,,
1.38552603,0.12395295,-1.56189396,-0.43812687,-0.03646960,-0.20350121,,,
1.41923169,-0.35485528,-1.04452610,-0.29790198,0.00531935,-0.31879101,,,
0.04298154,-0.04227467,0.03220636,-0.02467105,-0.01898079,-0.10113402,,,
-0.31123715,-0.41570074,-0.89236038,-0.09319122,-0.03255140,-0.08174564,,,
-1.19879265,-0.00298596,-1.71700787,-0.27636059,-0.05259845,0.08655590,,,
-1.45043802,0.05745102,-2.29594372,-0.51539536,-0.09016269,0.06816559,,,
-1.40886451,0.82187747,-2.58135815,-0.61514800,-0.11356662,0.13061545,,,
-1.24095121,1.11062294,-2.61552150,-0.68996749,-0.14991750,0.19611477,,,
-0.94101825,0.34018043,-2.24865217,-0.72413866,-0.14751998,0.11210146,,,
0.10265416,0.22977928,-1.77424985,-0.55964097,-0.11794760,-0.07631885,,,
0.83770627,0.01590137,-1.22242226,-0.40236216,-0.09914629,-0.25074760,,,
0.85010379,-0.44039194,-0.74493574,-0.23262672,-0.05135470,-0.34722676,,,
-0.01742429,-0.16754047,0.00612654,-0.03276507,-0.02430642,-0.19529063,,,
-0.43261062,-0.48399915,-0.98039588,-0.09432257,-0.04855967,-0.17483203,,,
-1.23615319,-0.07978643,-1.74627853,-0.28416097,-0.07883072,-0.01061947,,,
-1.52612914,0.24440446,-2.21698015,-0.49832327,-0.10084063,0.02912911,,,
-1.48428484,0.66977972,-2.56885802,-0.60312632,-0.13844514,0.05174310,,,
-1.32914615,1.02767614,-2.50254233,-0.70521748,-0.16956396,0.10024506,,,
-1.19342960,0.17276862,-2.24796123,-0.71191311,-0.16213584,0.03277196,,,
-0.08287392,0.17618668,-1.69299340,-0.56177998,-0.13917441,-0.14289332,,,
0.65541649,-0.14872009,-1.17539717,-0.37991870,-0.10619690,-0.32183667,,,
0.73252582,-0.54617305,-0.66447190,-0.21597925,-0.05761812,-0.41730488,,,
-0.03312285,-0.23765932,-0.03905138,-0.01950383,-0.02804311,-0.26880806,,,
,,,,,,,,
,,,,,,,,
========== 归一化平方误差 ((误差/量程)²) ==========,,,,,,,,
通道分类,((Fx-Fx')/量程)²,((Fy-Fy')/量程)²,((Fz-Fz')/量程)²,((Mx-Mx')/量程)²,((My-My')/量程)²,((Mz-Mz')/量程)²,,
Fx,0.000000e+00,0.000000e+00,0.000000e+00,0.000000e+00,0.000000e+00,0.000000e+00,,
Fx,1.488437e-08,2.395449e-07,1.487066e-10,1.706313e-07,2.490933e-05,5.362407e-06,,
Fx,4.079443e-09,5.083093e-07,2.356146e-07,3.497540e-13,1.547862e-04,7.571434e-06,,
Fx,6.840950e-10,2.915845e-07,1.678411e-06,4.667795e-07,4.754307e-04,1.654704e-06,,
Fx,2.741440e-07,4.092286e-07,4.425410e-06,1.315397e-06,1.047892e-03,1.866611e-06,,
Fx,1.339052e-06,5.516136e-06,8.659484e-06,5.765839e-06,1.750748e-03,1.963243e-04,,
Fx,9.379354e-07,7.508932e-06,1.725261e-06,3.424469e-06,6.700278e-04,1.499429e-04,,
Fx,1.014663e-06,1.094336e-05,3.081150e-07,2.893988e-06,2.106750e-04,1.642337e-04,,
Fx,9.610229e-07,1.413383e-05,2.696172e-08,1.560771e-06,3.050399e-05,1.636272e-04,,
Fx,8.246893e-07,1.743791e-05,2.115979e-07,4.173073e-08,1.262689e-07,1.472166e-04,,
Fx,5.551703e-07,4.454875e-06,1.553112e-07,9.001596e-08,2.141016e-06,3.107683e-09,,
Fx,4.642754e-07,1.300411e-06,3.021266e-07,9.885470e-07,1.807045e-05,6.243442e-06,,
Fx,1.914411e-07,1.253269e-06,8.880936e-09,1.046988e-07,1.271178e-04,2.924853e-06,,
Fx,3.182321e-07,9.146474e-07,7.827577e-07,3.488617e-08,4.184775e-04,2.003456e-06,,
Fx,7.081731e-07,3.983729e-07,2.671617e-06,4.636708e-07,9.409906e-04,2.740833e-06,,
Fx,2.086794e-06,3.669537e-06,5.153070e-06,2.247336e-06,1.641926e-03,3.209404e-05,,
Fx,1.284031e-06,4.661729e-06,6.555960e-07,1.369294e-06,6.015160e-04,2.062500e-05,,
Fx,1.520178e-06,6.804367e-06,2.159258e-08,5.354431e-07,1.938674e-04,2.777341e-05,,
Fx,9.093544e-07,9.449162e-06,7.179820e-07,2.477866e-08,2.662351e-05,3.161286e-05,,
Fx,9.445151e-07,1.162382e-05,1.175277e-06,8.084384e-09,3.197407e-07,2.404319e-05,,
Fx,1.150962e-06,7.429099e-06,6.717631e-07,7.211817e-07,1.958024e-07,2.865254e-08,,
Fx,6.095180e-07,3.839237e-06,6.976670e-07,1.465771e-06,1.969385e-05,6.340730e-06,,
Fx,6.414837e-07,3.370054e-06,3.015021e-08,2.202966e-07,1.290479e-04,2.985754e-06,,
Fx,4.545038e-07,2.270666e-06,1.085417e-07,8.208340e-08,4.357620e-04,2.882148e-06,,
Fx,1.127332e-06,1.365692e-06,1.357172e-06,1.002787e-07,9.585570e-04,4.089024e-06,,
Fx,2.680823e-06,1.448388e-06,3.146265e-06,6.951934e-07,1.630009e-03,6.894911e-09,,
Fx,1.597555e-06,2.482064e-06,2.571114e-07,1.387938e-06,5.584657e-04,6.027852e-07,,
Fx,1.610616e-06,4.613652e-06,1.276750e-07,3.373275e-07,1.688494e-04,1.258462e-08,,
Fx,1.620660e-06,6.300526e-06,1.605661e-06,6.547744e-08,2.341085e-05,4.353946e-07,,
Fx,1.846177e-06,7.875807e-06,2.101818e-06,1.211948e-07,1.515660e-06,4.670042e-08,,
Fx,1.626266e-06,1.026255e-05,1.269214e-06,1.592176e-07,1.850682e-06,1.308809e-08,,
Fx,0.000000e+00,0.000000e+00,0.000000e+00,0.000000e+00,0.000000e+00,0.000000e+00,,
Fx,3.601764e-07,1.244104e-07,3.902168e-07,4.605370e-07,2.454564e-05,3.349407e-07,,
Fx,1.198511e-06,1.313499e-06,1.370253e-07,1.163376e-06,6.330393e-05,5.588209e-06,,
Fx,2.307510e-06,2.266434e-06,4.370343e-08,1.394713e-06,1.447487e-04,8.954176e-06,,
Fx,3.337547e-06,2.862436e-06,1.301261e-06,1.797282e-06,5.818828e-04,8.031769e-06,,
Fx,3.943435e-06,4.693793e-06,4.714228e-06,1.586745e-06,1.487704e-03,1.485829e-05,,
Fx,1.427860e-06,3.562643e-06,1.906578e-06,2.182882e-07,9.290756e-04,1.486387e-05,,
Fx,1.271405e-08,2.755401e-06,3.151944e-07,1.841347e-07,3.580516e-04,1.479806e-05,,
Fx,4.413795e-09,1.339525e-06,2.974121e-07,1.162206e-07,1.767136e-04,1.000817e-05,,
Fx,3.661976e-08,9.398595e-08,9.299528e-07,6.930583e-12,1.302354e-04,4.721256e-07,,
Fx,1.727247e-07,1.766342e-10,2.024575e-08,3.473154e-08,7.756674e-07,1.373223e-08,,
Fx,3.394125e-08,1.808268e-07,2.415754e-07,6.622278e-07,2.605831e-05,1.749776e-07,,
Fx,5.346320e-07,1.117142e-06,7.524227e-08,1.346452e-06,6.570695e-05,3.763698e-06,,
Fx,1.472775e-06,2.572462e-06,1.665814e-10,9.070669e-07,1.446261e-04,9.581099e-06,,
Fx,2.514541e-06,3.385576e-06,7.108885e-07,1.312818e-06,5.834387e-04,8.543212e-06,,
Fx,3.494916e-06,4.350397e-06,3.981579e-06,1.199711e-06,1.596640e-03,1.095628e-05,,
Fx,1.015933e-06,3.688682e-06,1.632861e-06,2.390109e-07,9.323357e-04,1.164058e-05,,
Fx,2.898276e-08,2.950154e-06,5.450751e-08,2.077599e-08,3.710825e-04,1.305881e-05,,
Fx,2.006823e-07,1.530419e-06,5.599650e-08,2.753157e-08,1.811485e-04,7.938590e-06,,
Fx,3.581867e-07,1.650236e-07,4.531925e-07,4.318146e-09,1.371855e-04,2.564270e-07,,
Fx,5.958465e-07,1.185265e-08,1.003146e-07,3.653542e-08,2.340557e-06,4.874266e-08,,
Fx,7.415473e-09,3.183792e-07,8.933427e-08,1.009230e-06,3.273117e-05,2.459222e-07,,
Fx,1.918818e-07,1.577615e-06,1.079302e-08,1.038474e-06,7.760405e-05,4.394421e-06,,
Fx,7.345871e-07,2.953029e-06,2.500297e-08,8.260000e-07,1.657132e-04,8.978020e-06,,
Fx,2.262044e-06,3.861470e-06,3.871333e-07,7.932225e-07,6.045109e-04,8.656003e-06,,
Fx,2.984394e-06,5.150743e-06,3.073998e-06,9.529758e-07,1.534191e-03,9.271876e-06,,
Fx,7.879315e-07,3.955851e-06,1.048520e-06,5.258124e-08,9.475222e-04,1.006543e-05,,
Fx,3.201045e-08,2.575367e-06,3.476497e-08,5.429767e-08,3.884114e-04,9.863534e-06,,
Fx,1.452346e-07,1.630539e-06,1.069514e-08,1.338620e-07,1.857073e-04,6.930361e-06,,
Fx,3.838250e-07,2.343675e-07,2.294467e-07,1.786408e-07,1.442122e-04,1.397670e-07,,
Fx,6.171680e-07,3.643132e-08,2.548342e-07,8.531622e-08,7.810032e-06,4.582579e-08,,
Fy,0.000000e+00,0.000000e+00,0.000000e+00,0.000000e+00,0.000000e+00,0.000000e+00,,
Fy,1.574160e-08,9.772640e-08,1.301990e-06,2.719831e-04,1.396214e-06,5.385277e-08,,
Fy,3.200555e-07,3.564307e-07,7.044200e-06,1.024187e-03,1.626654e-06,7.732426e-06,,
Fy,1.224585e-06,1.840171e-06,1.941313e-05,2.259899e-03,1.394777e-06,2.707513e-05,,
Fy,1.622691e-06,3.985753e-06,3.630440e-05,4.016132e-03,9.471844e-07,3.839206e-05,,
Fy,1.403541e-06,7.941987e-06,5.633204e-05,6.279069e-03,4.884168e-07,3.651826e-05,,
Fy,2.219775e-07,5.943194e-06,3.125089e-05,3.205885e-03,7.191651e-07,9.290465e-06,,
Fy,7.272238e-08,3.242055e-06,1.582534e-05,1.623865e-03,1.677321e-06,3.613222e-06,,
Fy,9.243184e-09,8.754057e-07,5.692993e-06,6.396391e-04,1.972062e-06,9.451948e-08,,
Fy,3.780300e-07,7.074200e-07,9.894917e-07,1.233918e-04,7.239311e-07,4.736079e-06,,
Fy,1.305924e-08,3.078826e-09,3.346119e-08,2.857830e-07,1.170984e-07,9.091310e-10,,
Fy,2.687584e-08,1.909184e-08,1.570004e-06,2.825907e-04,2.007193e-06,1.484893e-08,,
Fy,2.547225e-07,4.880732e-07,6.914217e-06,1.036295e-03,3.344427e-06,1.183312e-05,,
Fy,1.230291e-06,1.957616e-06,1.972745e-05,2.261331e-03,2.561208e-06,3.224350e-05,,
Fy,2.172911e-06,3.659849e-06,3.557116e-05,4.056683e-03,2.128827e-06,5.741640e-05,,
Fy,2.828952e-06,7.611518e-06,5.667682e-05,6.333477e-03,1.194604e-06,7.789675e-05,,
Fy,8.751121e-07,5.430584e-06,3.074604e-05,3.276554e-03,2.685214e-06,3.232862e-05,,
Fy,5.226739e-07,2.956709e-06,1.558095e-05,1.668317e-03,3.168131e-06,1.860564e-05,,
Fy,1.325296e-07,2.065697e-06,5.591499e-06,6.627652e-04,3.144584e-06,7.293520e-06,,
Fy,1.339313e-08,6.157051e-07,9.034482e-07,1.465554e-04,1.854900e-06,1.864963e-07,,
Fy,2.312532e-08,1.095459e-08,4.563969e-08,6.600100e-09,5.953369e-07,5.143156e-09,,
Fy,8.750603e-09,7.958659e-08,1.120880e-06,2.685250e-04,3.113313e-06,2.701887e-07,,
Fy,3.570513e-07,5.104752e-07,6.426991e-06,1.000911e-03,4.388430e-06,1.281742e-05,,
Fy,1.271137e-06,1.654015e-06,1.802982e-05,2.240735e-03,4.290807e-06,3.778524e-05,,
Fy,2.172068e-06,3.552629e-06,3.581726e-05,3.951129e-03,3.138066e-06,6.313631e-05,,
Fy,3.437362e-06,7.049518e-06,5.498621e-05,6.251578e-03,2.385987e-06,9.625956e-05,,
Fy,1.317779e-06,5.243271e-06,3.092685e-05,3.196855e-03,2.799037e-06,4.256186e-05,,
Fy,8.862569e-07,2.797335e-06,1.518788e-05,1.603844e-03,3.448326e-06,2.738135e-05,,
Fy,2.593104e-07,1.481908e-06,5.769723e-06,6.237590e-04,3.018490e-06,1.170314e-05,,
Fy,2.920992e-09,5.628921e-07,8.895479e-07,1.274794e-04,1.743456e-06,1.968365e-06,,
Fy,5.915309e-08,6.324046e-09,9.528749e-08,4.987611e-08,6.369049e-07,1.238280e-09,,
Fy,0.000000e+00,0.000000e+00,0.000000e+00,0.000000e+00,0.000000e+00,0.000000e+00,,
Fy,1.973113e-08,2.362780e-09,5.900491e-07,3.644061e-05,2.861822e-09,7.839569e-07,,
Fy,1.932183e-12,3.278396e-07,3.131645e-06,2.619226e-04,1.168050e-07,2.370200e-07,,
Fy,1.326793e-06,2.253603e-06,9.660579e-06,9.664386e-04,2.415758e-07,1.513919e-05,,
Fy,3.391436e-06,5.361164e-06,1.837573e-05,2.121134e-03,1.421955e-06,4.929854e-05,,
Fy,8.835191e-06,1.009562e-05,3.929107e-05,4.420559e-03,4.451899e-06,1.279120e-04,,
Fy,4.246258e-06,3.403069e-06,2.065543e-05,2.745129e-03,8.266821e-08,5.813428e-05,,
Fy,2.551983e-06,7.966879e-07,1.130588e-05,1.561757e-03,1.437453e-07,3.462320e-05,,
Fy,1.204727e-06,7.837480e-10,4.553327e-06,6.721499e-04,4.873068e-07,1.842469e-05,,
Fy,5.688353e-07,4.109499e-07,6.746229e-07,1.753450e-04,6.401173e-08,7.261694e-06,,
Fy,1.715366e-08,7.608674e-08,1.992846e-08,2.992164e-06,3.463388e-08,1.907769e-10,,
Fy,7.058878e-08,1.085108e-07,4.600164e-07,3.840047e-05,4.138214e-10,6.834898e-07,,
Fy,4.203185e-08,1.284027e-07,2.290493e-06,2.752313e-04,8.344692e-08,1.950911e-07,,
Fy,8.185821e-07,1.171924e-06,8.530818e-06,9.596458e-04,2.438404e-09,1.190363e-05,,
Fy,2.592495e-06,3.414283e-06,1.692588e-05,2.216669e-03,6.629482e-08,3.881648e-05,,
Fy,7.125520e-06,9.005757e-06,3.680536e-05,4.577308e-03,8.633409e-07,1.093714e-04,,
Fy,3.143284e-06,4.407213e-06,1.967322e-05,2.801402e-03,8.573102e-08,4.400613e-05,,
Fy,1.940921e-06,8.473476e-07,9.587895e-06,1.526159e-03,3.611123e-07,2.363895e-05,,
Fy,5.687145e-07,9.961298e-09,3.679698e-06,6.265010e-04,2.381116e-07,7.878420e-06,,
Fy,1.457088e-07,7.068929e-07,4.900249e-07,1.496004e-04,3.794205e-08,2.274192e-06,,
Fy,8.181731e-09,1.844914e-07,2.074407e-08,4.056635e-06,1.255175e-06,6.656400e-12,,
Fy,3.678244e-08,3.137010e-07,3.586188e-07,4.581189e-05,4.937142e-08,5.328415e-08,,
Fy,8.628118e-08,4.008237e-08,2.226108e-06,2.694484e-04,3.049277e-08,1.212391e-07,,
Fy,1.229689e-06,1.173000e-06,9.108415e-06,1.391963e-03,8.766790e-07,2.141220e-05,,
Fy,2.387245e-06,3.462799e-06,1.685586e-05,2.275398e-03,1.052590e-08,4.164952e-05,,
Fy,6.630875e-06,7.806248e-06,3.540241e-05,4.544841e-03,1.058885e-06,1.113984e-04,,
Fy,2.612352e-06,2.768387e-06,1.824846e-05,2.933786e-03,1.150645e-06,4.622608e-05,,
Fy,1.765808e-06,5.645880e-07,9.364032e-06,1.577266e-03,7.984320e-07,2.678434e-05,,
Fy,5.626828e-07,2.719013e-08,3.256435e-06,6.673517e-04,1.558094e-07,8.747343e-06,,
Fy,2.127075e-07,9.076186e-07,3.965465e-07,1.593234e-04,1.673730e-07,2.407597e-06,,
Fy,7.143546e-09,3.187436e-07,3.296146e-08,9.779830e-06,1.913983e-06,6.027811e-10,,
Fz,0.000000e+00,0.000000e+00,0.000000e+00,0.000000e+00,0.000000e+00,0.000000e+00,,
Fz,4.117051e-08,2.328761e-10,2.897057e-08,6.315195e-07,9.465601e-07,1.031416e-07,,
Fz,9.382128e-08,3.857272e-08,3.146076e-08,6.265900e-07,2.341750e-06,4.524701e-07,,
Fz,2.318574e-07,1.775728e-07,8.301033e-08,2.414319e-08,2.307594e-06,7.336457e-07,,
Fz,4.809585e-07,5.317836e-07,4.223832e-09,2.426446e-06,2.955231e-06,9.038122e-07,,
Fz,6.423927e-07,1.250004e-06,1.230876e-07,9.628786e-06,1.608470e-06,1.021295e-06,,
Fz,1.371876e-06,7.214253e-08,1.359831e-08,1.356486e-06,1.607115e-06,4.459173e-07,,
Fz,1.708833e-06,2.920583e-08,1.822719e-08,8.420675e-10,1.512325e-06,1.632150e-07,,
Fz,1.207721e-06,1.361803e-07,1.090522e-08,2.432859e-07,1.100293e-06,3.290124e-08,,
Fz,5.826876e-07,2.407630e-07,2.368714e-10,8.017340e-07,9.964351e-08,3.031360e-10,,
Fz,3.689399e-09,9.382187e-09,6.318249e-09,4.000072e-08,2.083128e-07,2.985542e-08,,
Fz,2.258399e-08,1.191164e-09,2.259757e-08,2.702609e-07,3.925075e-07,2.648463e-08,,
Fz,8.122155e-08,1.715312e-08,1.600988e-08,5.759357e-08,1.152033e-06,2.122344e-07,,
Fz,1.361014e-07,9.083890e-08,4.587027e-08,2.732757e-07,1.664223e-06,4.287871e-07,,
Fz,3.465848e-07,5.448044e-07,1.396663e-09,2.483056e-06,2.316858e-06,5.595623e-07,,
Fz,4.196759e-07,1.485022e-06,2.973174e-07,9.439342e-06,1.223359e-06,6.466842e-07,,
Fz,1.137148e-06,1.219801e-07,1.137557e-09,1.646773e-06,1.119454e-06,1.654597e-07,,
Fz,1.292682e-06,4.855205e-09,1.245142e-08,3.169603e-08,7.371648e-07,2.393673e-08,,
Fz,8.155548e-07,1.420660e-07,3.723328e-09,5.389390e-08,5.056339e-07,8.660350e-09,,
Fz,3.594228e-07,2.281426e-07,8.667961e-09,3.655438e-07,1.250501e-08,7.062615e-08,,
Fz,1.033691e-08,1.848843e-08,2.256842e-08,1.949519e-07,3.539753e-07,1.720884e-07,,
Fz,2.671805e-09,3.561805e-09,3.353651e-08,1.567693e-07,1.435751e-07,5.405984e-09,,
Fz,7.583320e-09,6.900982e-10,7.299933e-09,4.826414e-09,6.322095e-07,4.312326e-08,,
Fz,7.515792e-08,9.950359e-08,1.708606e-08,2.484508e-07,8.281662e-07,2.245920e-07,,
Fz,2.330008e-07,4.321284e-07,1.380549e-09,2.437067e-06,1.703523e-06,3.643146e-07,,
Fz,3.958588e-07,1.186136e-06,3.562973e-07,8.425672e-06,1.064719e-06,3.968257e-07,,
Fz,7.844226e-07,1.094608e-07,1.071271e-10,1.585761e-06,5.655034e-07,5.768691e-08,,
Fz,1.022398e-06,1.349234e-08,1.209418e-08,3.581064e-08,2.695531e-07,1.340614e-09,,
Fz,8.746159e-07,1.300049e-07,1.304743e-12,6.020712e-08,1.190344e-07,6.364913e-08,,
Fz,3.183679e-07,2.682533e-07,2.542283e-08,2.809719e-07,2.034010e-09,1.484316e-07,,
Fz,2.939559e-08,9.652129e-09,3.390499e-08,5.861810e-07,6.999839e-07,2.699607e-07,,
Mx,0.000000e+00,0.000000e+00,0.000000e+00,0.000000e+00,0.000000e+00,0.000000e+00,,
Mx,9.023812e-08,1.344165e-08,1.455713e-09,1.931708e-05,7.462444e-06,2.906625e-06,,
Mx,1.700823e-08,2.331127e-10,3.543927e-10,2.182352e-05,3.896569e-06,3.390570e-06,,
Mx,1.203160e-07,1.447610e-08,1.539498e-08,1.391417e-05,9.569492e-07,5.099216e-06,,
Mx,6.793227e-07,4.069912e-07,2.374995e-08,1.672080e-05,3.947581e-08,6.104625e-06,,
Mx,9.535448e-07,3.136262e-06,1.321448e-08,4.382141e-05,1.605994e-06,1.169826e-05,,
Mx,9.495702e-06,7.939537e-06,1.403801e-07,1.255132e-04,3.799732e-05,4.460278e-06,,
Mx,8.531601e-06,4.357878e-05,7.663877e-08,5.167159e-04,2.521891e-05,6.661455e-06,,
Mx,6.059514e-06,9.396000e-05,9.207597e-09,1.044175e-03,1.658339e-05,6.169648e-06,,
Mx,3.167300e-06,8.016414e-05,1.100568e-08,8.567708e-04,1.136794e-05,3.460053e-06,,
Mx,4.603818e-07,2.869141e-09,5.089356e-12,8.852916e-06,2.021448e-06,4.399483e-09,,
Mx,1.816257e-07,9.824440e-08,2.089935e-10,5.431432e-06,4.117916e-06,1.675547e-06,,
Mx,6.311343e-07,1.581645e-07,1.276993e-10,5.930885e-06,2.786614e-06,1.708828e-06,,
Mx,1.382290e-06,8.761124e-08,1.319528e-08,3.124550e-06,6.720413e-08,1.981329e-06,,
Mx,1.695806e-06,1.233529e-08,2.983516e-08,4.631890e-06,9.646371e-07,4.142457e-06,,
Mx,1.530290e-06,1.653195e-06,2.304714e-08,2.512938e-05,4.793453e-06,1.168578e-05,,
Mx,1.092211e-05,1.242101e-05,6.959716e-08,1.835574e-04,4.347081e-05,5.995498e-06,,
Mx,8.213618e-06,4.896176e-05,7.498052e-08,5.616624e-04,2.155174e-05,5.357793e-06,,
Mx,6.178432e-06,1.048972e-04,1.857527e-09,1.135898e-03,1.583586e-05,6.151110e-06,,
Mx,3.713536e-06,7.709919e-05,1.765260e-08,7.918563e-04,1.012120e-05,4.333961e-06,,
Mx,4.157952e-07,1.585685e-08,7.204158e-09,9.336391e-06,5.937707e-07,1.967881e-09,,
Mx,1.399213e-07,1.755915e-07,3.692057e-10,1.967731e-06,4.793318e-06,1.906826e-06,,
Mx,6.122136e-07,3.571276e-07,2.320431e-10,2.458665e-06,3.036469e-06,1.807793e-06,,
Mx,1.233146e-06,6.827856e-07,3.660344e-08,4.650397e-08,4.716901e-07,2.798236e-06,,
Mx,1.862063e-06,1.389038e-07,1.089139e-07,3.272252e-09,1.240957e-06,4.401230e-06,,
Mx,1.902380e-06,6.557077e-07,6.543052e-08,1.797585e-05,8.623889e-06,9.413479e-06,,
Mx,1.094477e-05,1.565274e-05,4.168081e-09,2.027640e-04,4.088351e-05,5.720221e-06,,
Mx,8.042857e-06,5.539058e-05,3.974269e-11,6.049777e-04,1.793411e-05,4.692684e-06,,
Mx,6.815282e-06,1.105295e-04,2.009200e-10,1.180575e-03,1.595091e-05,6.743778e-06,,
Mx,3.196673e-06,7.597410e-05,1.619703e-08,7.976318e-04,6.947618e-06,3.612236e-06,,
Mx,3.256390e-07,3.702404e-08,9.387013e-10,1.095646e-05,4.330743e-07,1.587560e-09,,
Mx,0.000000e+00,0.000000e+00,0.000000e+00,0.000000e+00,0.000000e+00,0.000000e+00,,
Mx,5.022219e-08,1.434574e-06,1.526517e-08,6.164127e-05,6.185200e-06,3.071225e-06,,
Mx,1.844089e-09,4.816049e-06,4.053551e-08,1.478913e-04,4.814555e-06,4.996655e-06,,
Mx,1.059508e-06,8.634206e-06,1.271715e-09,1.570255e-04,1.229601e-07,6.596377e-07,,
Mx,3.911655e-06,1.753721e-05,2.938427e-10,2.389557e-04,1.074526e-05,2.327649e-07,,
Mx,7.291554e-06,3.227694e-05,2.138527e-09,3.648830e-04,4.121975e-05,1.494452e-06,,
Mx,5.433726e-06,6.832425e-06,3.986831e-08,2.580301e-05,1.134277e-05,1.604762e-06,,
Mx,2.069829e-06,6.836103e-08,3.699614e-08,5.842007e-06,3.532854e-07,2.524489e-08,,
Mx,6.206187e-07,2.692276e-06,8.381284e-09,5.669643e-05,1.347510e-06,3.807092e-07,,
Mx,6.825661e-09,9.875431e-06,4.525827e-09,1.383649e-04,3.908580e-06,2.406033e-06,,
Mx,2.457398e-09,8.880096e-10,7.418720e-10,4.549666e-06,8.086855e-07,4.366408e-09,,
Mx,5.724234e-09,1.928919e-06,1.637476e-08,4.731094e-05,2.206820e-06,1.077436e-06,,
Mx,2.353510e-07,4.132535e-06,2.099352e-08,8.976078e-05,2.227504e-06,1.564819e-06,,
Mx,1.472886e-06,7.839155e-06,1.510997e-08,1.183902e-04,5.034615e-07,6.090284e-08,,
Mx,5.041107e-06,1.374150e-05,9.956499e-09,1.607137e-04,1.507595e-05,1.260725e-06,,
Mx,9.102073e-06,2.496976e-05,4.422354e-09,2.380294e-04,4.250539e-05,3.458409e-06,,
Mx,6.074385e-06,4.422875e-06,3.184392e-08,8.037535e-06,1.317077e-05,2.489583e-06,,
Mx,2.364413e-06,1.294640e-08,3.827527e-08,1.867897e-05,3.976034e-07,1.195438e-07,,
Mx,5.686208e-07,3.482420e-06,1.665608e-08,8.430065e-05,1.686949e-06,5.237350e-07,,
Mx,3.541832e-08,1.079281e-05,2.943012e-08,1.694642e-04,1.633606e-06,7.935229e-07,,
Mx,5.667228e-10,3.459619e-08,1.267778e-10,7.474498e-06,1.538979e-06,1.920164e-10,,
Mx,4.448279e-09,1.836956e-06,1.224547e-08,3.416901e-05,1.172916e-06,4.648147e-07,,
Mx,1.541054e-07,4.126298e-06,2.184182e-08,6.955450e-05,1.908662e-06,9.674107e-07,,
Mx,1.489716e-06,7.159481e-06,6.987059e-09,9.218228e-05,6.856999e-07,3.484270e-10,,
Mx,4.720788e-06,1.497076e-05,9.530351e-10,1.473054e-04,1.420849e-05,1.570678e-06,,
Mx,9.206927e-06,2.655558e-05,1.566437e-09,2.295898e-04,4.382610e-05,4.098946e-06,,
Mx,6.149253e-06,5.217706e-06,4.585768e-08,5.558065e-06,1.205482e-05,2.662806e-06,,
Mx,2.116620e-06,2.499048e-08,1.011750e-08,1.366344e-05,5.667771e-07,1.558765e-07,,
Mx,6.727323e-07,3.012922e-06,1.564823e-09,7.642897e-05,5.652456e-07,1.912058e-07,,
Mx,8.028112e-08,1.037254e-05,5.503980e-09,1.724663e-04,7.937933e-07,3.092252e-07,,
Mx,7.461950e-09,2.898560e-08,1.903830e-09,7.988339e-06,1.157958e-06,1.237084e-09,,
My,0.000000e+00,0.000000e+00,0.000000e+00,0.000000e+00,0.000000e+00,0.000000e+00,,
My,7.077329e-08,1.409525e-07,1.810145e-07,1.163810e-06,3.172421e-06,1.393483e-06,,
My,4.361824e-09,1.074902e-07,4.027272e-08,2.124643e-06,6.294027e-06,8.245501e-08,,
My,1.351860e-06,7.441927e-07,2.773616e-08,9.988636e-06,2.154302e-05,1.149816e-06,,
My,9.361959e-06,2.463487e-06,1.866220e-08,2.862650e-05,9.955310e-05,5.535125e-06,,
My,3.039720e-05,4.981515e-06,9.463079e-08,6.375023e-05,3.079465e-04,1.211372e-05,,
My,1.723653e-06,1.681233e-06,5.322899e-08,1.690304e-05,1.811098e-09,3.231937e-06,,
My,2.403746e-06,3.106635e-07,7.476874e-09,2.551031e-06,7.820223e-05,3.326173e-07,,
My,1.070629e-05,3.073108e-08,1.441484e-10,5.167884e-08,1.523332e-04,1.850035e-10,,
My,1.142295e-05,8.181786e-08,5.109143e-08,2.012505e-06,1.335554e-04,3.169931e-07,,
My,5.672292e-09,2.833525e-08,2.786698e-10,7.312791e-07,2.902870e-06,7.721488e-11,,
My,3.488114e-07,3.412758e-07,1.354112e-07,5.280402e-06,3.033372e-07,1.741035e-06,,
My,2.686907e-07,4.928955e-08,1.107213e-07,2.274699e-09,6.728618e-08,8.741053e-09,,
My,1.880866e-07,5.058858e-07,1.356792e-08,4.876857e-06,4.698243e-06,9.975775e-07,,
My,6.382593e-06,1.917254e-06,2.004785e-08,2.018364e-05,5.965580e-05,4.212569e-06,,
My,2.631798e-05,4.283209e-06,7.120347e-08,4.771961e-05,2.496916e-04,1.126051e-05,,
My,5.905275e-07,1.301502e-06,1.690003e-07,1.150421e-05,4.930989e-06,2.796962e-06,,
My,4.382258e-06,1.568473e-07,3.080479e-08,9.031005e-07,1.177084e-04,1.365903e-07,,
My,1.365103e-05,7.753930e-09,2.364369e-09,4.585148e-07,2.116340e-04,8.149620e-08,,
My,1.496232e-05,1.853376e-07,5.012235e-08,5.101973e-06,1.776803e-04,6.988646e-07,,
My,4.762709e-09,7.459180e-08,3.384352e-09,1.889068e-06,5.020723e-06,2.721774e-10,,
My,5.071818e-07,3.391477e-07,1.568559e-07,6.927948e-06,1.313643e-06,1.757797e-06,,
My,6.271498e-07,1.156729e-08,1.972169e-08,7.833270e-08,1.185086e-06,2.311283e-09,,
My,1.079374e-07,5.314616e-07,6.534182e-10,3.825050e-06,2.983842e-06,9.363252e-07,,
My,5.711400e-06,1.558201e-06,4.262759e-08,1.912890e-05,4.795516e-05,3.747073e-06,,
My,2.447330e-05,3.880398e-06,1.687866e-07,4.666110e-05,2.180264e-04,1.029476e-05,,
My,3.445284e-07,8.144435e-07,1.741033e-07,9.837443e-06,7.985070e-06,1.758026e-06,,
My,5.896052e-06,4.977528e-08,3.724646e-08,6.680277e-07,1.391668e-04,6.484723e-08,,
My,1.504257e-05,2.160320e-08,1.904065e-10,1.219796e-06,2.287754e-04,9.859412e-08,,
My,1.719253e-05,4.680380e-07,3.223113e-08,6.481641e-06,2.083990e-04,1.228897e-06,,
My,2.359184e-09,1.461919e-07,1.391695e-09,2.787777e-06,1.898176e-06,1.007093e-10,,
My,0.000000e+00,0.000000e+00,0.000000e+00,0.000000e+00,0.000000e+00,0.000000e+00,,
My,1.794599e-07,7.035063e-07,4.892655e-08,5.612618e-06,1.247947e-05,7.392732e-07,,
My,7.312740e-07,2.892300e-06,1.838235e-08,2.386458e-05,6.755345e-06,3.021906e-06,,
My,1.086009e-07,4.268492e-06,4.544440e-09,4.112968e-05,5.247362e-06,2.385182e-06,,
My,1.384669e-09,2.063853e-06,5.341829e-08,2.726853e-05,4.381200e-06,6.798491e-07,,
My,5.430983e-08,1.108829e-06,6.504892e-08,1.731532e-05,3.548869e-06,8.314043e-06,,
My,1.326834e-06,2.468780e-06,6.653317e-09,2.945484e-05,3.461759e-06,2.905348e-07,,
My,9.588066e-06,2.983182e-06,2.941353e-10,2.411266e-05,7.974858e-05,6.041166e-07,,
My,1.822643e-05,9.103992e-07,1.194882e-11,5.637729e-06,1.595371e-04,4.753883e-10,,
My,1.720701e-05,4.251676e-07,2.147400e-09,3.369475e-06,1.698454e-04,2.212082e-07,,
My,5.352448e-08,1.140478e-09,4.220888e-09,1.951335e-07,1.495957e-05,1.319792e-08,,
My,4.618863e-08,4.947864e-07,1.177439e-08,4.551117e-06,8.387693e-06,4.533577e-07,,
My,1.326162e-08,1.104569e-06,5.610789e-11,8.731312e-06,1.027115e-05,1.939250e-07,,
My,3.537938e-08,2.008953e-06,5.179505e-10,1.734224e-05,1.450427e-05,5.680319e-08,,
My,3.362174e-07,9.617757e-07,3.909505e-08,9.490311e-06,1.348893e-05,3.818608e-06,,
My,8.112953e-07,3.550331e-07,6.305314e-08,4.689771e-06,1.496420e-05,1.667069e-05,,
My,3.245519e-06,6.820130e-07,4.559257e-08,5.445202e-06,4.653940e-05,5.694696e-06,,
My,1.225988e-05,6.266433e-07,1.916630e-11,3.780103e-06,1.316113e-04,1.741388e-06,,
My,1.835256e-05,1.340103e-10,1.901920e-10,3.196014e-08,1.948932e-04,5.054945e-06,,
My,2.274151e-05,1.645133e-07,4.295146e-12,9.894106e-07,2.709605e-04,4.689331e-06,,
My,1.096737e-07,2.303219e-10,1.748361e-08,2.886765e-07,2.120823e-05,2.257162e-09,,
My,1.202506e-08,3.127177e-07,1.501448e-08,3.719461e-06,6.666315e-06,3.174962e-07,,
My,2.498696e-08,8.044159e-07,1.792796e-10,7.796490e-06,1.650385e-05,1.032519e-07,,
My,1.528887e-07,1.411798e-06,1.437300e-09,1.403837e-05,1.660605e-05,2.199741e-09,,
My,7.171231e-07,5.931274e-07,2.787058e-08,7.523901e-06,1.762517e-05,4.325950e-06,,
My,1.740582e-06,3.388555e-07,7.223387e-08,5.017792e-06,2.377214e-05,1.359825e-05,,
My,2.688492e-06,2.679272e-07,1.240941e-07,4.102962e-06,4.287238e-05,7.405396e-06,,
My,1.097065e-05,4.041956e-07,2.170286e-09,2.439510e-06,1.307135e-04,2.488908e-06,,
My,1.807452e-05,1.501270e-08,1.071019e-09,1.014444e-07,2.013068e-04,4.888970e-06,,
My,1.808622e-05,2.421842e-08,7.238277e-10,1.330782e-07,2.274783e-04,1.329196e-06,,
My,6.494298e-08,1.323461e-08,2.641857e-09,2.937961e-08,2.390359e-05,1.717127e-08,,
Mz,0.000000e+00,0.000000e+00,0.000000e+00,0.000000e+00,0.000000e+00,0.000000e+00,,
Mz,1.239783e-06,1.143353e-07,3.170920e-07,6.548590e-06,1.617795e-06,2.007802e-05,,
Mz,4.490234e-06,3.759582e-09,1.101007e-06,2.688350e-05,1.176304e-06,7.071417e-05,,
Mz,2.153204e-07,6.248287e-08,2.207462e-06,8.948370e-05,2.885509e-06,5.550164e-06,,
Mz,8.122620e-07,4.292538e-07,2.810289e-06,1.527609e-04,1.540729e-06,7.314366e-06,,
Mz,1.660311e-06,6.550186e-07,3.024476e-06,2.100795e-04,1.796930e-08,3.700105e-05,,
Mz,2.388445e-06,6.657699e-07,2.593149e-06,2.160406e-04,3.952810e-06,3.889257e-05,,
Mz,3.386253e-06,2.850608e-07,2.216806e-06,1.390249e-04,7.111334e-06,4.570959e-05,,
Mz,3.947220e-06,6.929104e-08,8.194682e-07,6.204119e-05,4.701841e-06,3.874319e-05,,
Mz,1.497339e-06,1.258511e-08,2.522613e-07,1.755288e-05,3.440325e-06,1.166262e-05,,
Mz,2.087214e-09,7.135929e-09,3.924926e-10,1.493122e-07,4.867593e-07,4.759838e-06,,
Mz,8.640323e-07,1.328443e-07,3.370517e-07,7.058482e-06,3.803535e-06,3.389755e-05,,
Mz,3.848059e-06,1.044496e-09,1.157086e-06,2.967609e-05,3.583498e-06,1.060438e-04,,
Mz,3.144467e-07,7.141049e-08,2.149301e-06,9.281660e-05,5.037816e-06,2.388490e-05,,
Mz,4.008775e-07,3.207440e-07,2.761552e-06,1.558602e-04,3.067343e-06,1.032467e-08,,
Mz,1.137690e-06,7.071538e-07,3.165228e-06,2.276543e-04,5.580251e-07,8.238113e-06,,
Mz,1.750960e-06,6.428366e-07,2.960638e-06,2.164332e-04,6.223660e-06,1.039312e-05,,
Mz,3.026275e-06,1.897660e-07,2.030134e-06,1.436396e-04,9.694961e-06,1.543695e-05,,
Mz,2.893181e-06,2.437086e-08,8.600392e-07,6.191337e-05,7.280658e-06,1.362534e-05,,
Mz,8.620312e-07,2.330912e-08,4.039418e-07,1.788431e-05,5.696366e-06,2.141973e-08,,
Mz,7.297470e-09,1.895254e-08,1.402132e-09,1.127822e-07,1.313469e-06,1.217926e-05,,
Mz,9.840854e-07,2.382585e-07,3.458906e-07,7.606223e-06,5.586597e-06,5.595581e-05,,
Mz,3.461339e-06,6.915436e-09,1.075057e-06,2.970499e-05,4.865027e-06,1.253935e-04,,
Mz,3.614825e-07,3.037739e-08,2.002689e-06,9.955287e-05,8.131083e-06,3.872566e-05,,
Mz,3.486578e-07,1.024036e-07,2.806816e-06,1.570639e-04,5.009166e-06,8.542517e-07,,
Mz,8.229709e-07,5.526711e-07,3.082415e-06,2.405602e-04,1.269959e-06,1.614475e-06,,
Mz,1.490966e-06,4.803871e-07,2.898804e-06,2.333194e-04,9.332917e-06,2.751976e-06,,
Mz,2.390771e-06,7.535786e-08,1.973933e-06,1.443893e-04,1.326010e-05,5.421013e-06,,
Mz,2.432176e-06,1.573101e-08,8.976246e-07,5.882972e-05,9.606461e-06,3.980921e-06,,
Mz,6.464379e-07,1.269221e-07,3.162817e-07,1.774803e-05,8.352110e-06,1.039346e-06,,
Mz,8.292013e-09,4.362399e-08,1.033150e-09,5.750404e-08,3.166862e-06,1.922341e-05,,
Mz,0.000000e+00,0.000000e+00,0.000000e+00,0.000000e+00,0.000000e+00,0.000000e+00,,
Mz,2.478099e-08,8.653293e-08,4.131624e-07,9.677627e-06,9.634593e-08,1.414549e-08,,
Mz,9.904055e-07,1.122718e-09,1.521211e-06,4.276424e-05,3.815092e-08,9.521014e-06,,
Mz,1.018419e-06,2.082670e-07,2.926343e-06,1.172149e-04,7.310989e-08,7.625807e-06,,
Mz,7.475765e-07,8.783078e-07,3.678322e-06,1.767933e-04,1.688867e-06,7.895073e-06,,
Mz,3.196024e-07,1.395800e-06,3.365509e-06,2.403613e-04,4.044892e-06,1.700300e-05,,
Mz,2.426686e-07,3.965604e-07,3.220802e-06,2.349334e-04,1.949117e-06,1.001680e-05,,
Mz,4.067251e-07,6.370491e-08,1.903485e-06,1.547926e-04,1.809129e-06,4.441580e-07,,
Mz,1.919682e-06,1.536433e-08,1.084228e-06,7.678206e-05,5.320127e-07,1.656510e-05,,
Mz,2.014219e-06,1.259223e-07,4.849043e-07,3.549824e-05,1.131819e-08,4.065108e-05,,
Mz,1.847413e-09,1.787148e-09,4.609998e-10,2.434643e-07,1.441082e-07,4.091236e-06,,
Mz,9.686856e-08,1.728071e-07,3.539142e-07,3.473841e-06,4.238375e-07,2.672940e-06,,
Mz,1.437104e-06,8.915957e-12,1.310274e-06,3.055007e-05,1.106639e-06,2.996770e-06,,
Mz,2.103770e-06,3.300620e-09,2.342826e-06,1.062530e-04,3.251724e-06,1.858619e-06,,
Mz,1.984899e-06,6.754826e-07,2.961516e-06,1.513628e-04,5.158951e-06,6.824158e-06,,
Mz,1.539960e-06,1.233483e-06,3.040423e-06,1.904221e-04,8.990103e-06,1.538440e-05,,
Mz,8.855153e-07,1.157227e-07,2.247305e-06,2.097507e-04,8.704858e-06,5.026695e-06,,
Mz,1.053788e-08,5.279852e-08,1.399094e-06,1.252792e-04,5.564655e-06,2.329827e-06,,
Mz,7.017518e-07,2.528536e-10,6.641405e-07,6.475812e-05,3.931995e-06,2.514974e-05,,
Mz,7.226765e-07,1.939451e-07,2.466352e-07,2.164608e-05,1.054922e-06,4.822657e-05,,
Mz,3.036059e-10,2.806981e-08,1.668200e-11,4.294199e-07,2.363208e-07,1.525537e-05,,
Mz,1.871519e-07,2.342552e-07,4.271894e-07,3.558699e-06,9.432166e-07,1.222650e-05,,
Mz,1.528075e-06,6.365874e-09,1.355328e-06,3.229898e-05,2.485713e-06,4.510926e-08,,
Mz,2.329070e-06,5.973354e-08,2.184445e-06,9.933043e-05,4.067533e-06,3.394020e-07,,
Mz,2.203101e-06,4.486049e-07,2.932903e-06,1.455045e-04,7.666823e-06,1.070939e-06,,
Mz,1.766629e-06,1.056118e-06,2.783430e-06,1.989327e-04,1.150077e-05,4.019629e-06,,
Mz,1.424274e-06,2.984900e-08,2.245924e-06,2.027281e-04,1.051521e-05,4.296005e-07,,
Mz,6.868087e-09,3.104175e-08,1.273879e-06,1.262387e-04,7.747807e-06,8.167400e-06,,
Mz,4.295708e-07,2.211767e-08,6.140260e-07,5.773529e-05,4.511113e-06,4.143154e-05,,
Mz,5.365941e-07,2.983050e-07,1.962324e-07,1.865881e-05,1.327939e-06,6.965735e-05,,
Mz,1.097123e-09,5.648195e-08,6.777823e-10,1.521598e-07,3.145664e-07,2.890311e-05,,
,,,,,,,,
,,,,,,,,
========== 通道统计值 (I类/II类误差) ==========,,,,,,,,
通道,((Fx-Fx')/量程)²统计值,((Fy-Fy')/量程)²统计值,((Fz-Fz')/量程)²统计值,((Mx-Mx')/量程)²统计值,((My-My')/量程)²统计值,((Mz-Mz')/量程)²统计值,,
Fx,0.00099604,0.00187317,0.00101477,0.00085602,0.01995467,0.00444969,,
Fy,0.00112559,0.00147572,0.00366360,0.04017331,0.00113776,0.00490667,,
Fz,0.00070071,0.00049643,0.00020322,0.00121680,0.00100322,0.00050913,,
Mx,0.00166677,0.00397337,0.00014049,0.01355394,0.00300411,0.00167300,,
My,0.00243745,0.00095492,0.00019602,0.00314054,0.00848221,0.00159457,,
Mz,0.00111085,0.00047910,0.00123970,0.00970091,0.00199040,0.00437009,,
I类误差,0.00745608,,,,,,,
II类误差中间值,0.00153044,0.00203393,0.00179147,0.01854766,0.00909369,0.00314566,,
II类误差,0.00944769,,,,,,,
